image_id,face_length,face_width,forehead_width,cheekbone_width,jaw_width,aspect_ratio,hair_length,hair_texture,hair_density,style_preference,face_shape_label,target_hairstyle_id,suitability_rating
img_00000,260.4,198.0,200.0,198.0,121.9,1.32,Long,Curly,Medium,unisex,Heart,curtain-bangs,4.9
img_00001,216.2,165.7,158.4,165.7,111.4,1.3,Medium,Wavy,Medium,feminine,Heart,buzz-cut,4.2
img_00002,225.2,184.5,175.7,184.5,120.4,1.22,Long,Wavy,Medium,no_preference,Heart,buzz-cut,5.0
img_00003,213.5,175.3,166.2,175.3,170.3,1.22,Long,Straight,Medium,masculine,Square,long-waves,4.9
img_00004,231.8,182.5,173.7,182.5,113.7,1.27,Long,Coily,Medium,unisex,Heart,buzz-cut,4.5
img_00005,219.2,196.4,188.5,196.4,184.3,1.12,Medium,Wavy,Medium,feminine,Square,buzz-cut,4.2
img_00006,218.2,191.0,174.3,191.0,161.9,1.14,Long,Coily,Medium,feminine,Round,buzz-cut,4.0
img_00007,257.9,175.5,152.1,175.5,137.9,1.47,Short,Straight,Medium,masculine,Oblong,wolf-cut,4.1
img_00008,252.0,190.9,156.6,190.9,150.6,1.32,Short,Coily,Medium,unisex,Oval,curtain-bangs,4.8
img_00009,302.9,197.1,172.1,197.1,164.5,1.54,Medium,Straight,Medium,no_preference,Oblong,french-bob,4.3
img_00010,205.4,183.7,175.1,183.7,173.2,1.12,Long,Wavy,Medium,unisex,Square,textured-crop,4.7
img_00011,206.2,180.9,166.7,180.9,167.6,1.14,Long,Coily,Medium,unisex,Square,textured-crop,4.3
img_00012,245.9,196.3,194.5,196.3,132.6,1.25,Short,Coily,Medium,unisex,Heart,curtain-bangs,4.7
img_00013,261.3,197.2,199.8,197.2,135.5,1.33,Medium,Wavy,Medium,unisex,Heart,long-waves,4.1
img_00014,226.4,172.7,144.0,172.7,132.2,1.31,Short,Straight,Medium,unisex,Oval,french-bob,4.5
img_00015,245.6,179.4,150.0,179.4,135.4,1.37,Long,Wavy,Medium,no_preference,Oval,textured-crop,4.4
img_00016,225.4,170.2,146.6,170.2,133.2,1.32,Short,Straight,Medium,no_preference,Oval,textured-crop,4.3
img_00017,184.9,180.1,156.6,180.1,157.2,1.03,Long,Wavy,Medium,feminine,Round,wolf-cut,4.5
img_00018,207.0,163.2,159.0,163.2,111.1,1.27,Short,Coily,Medium,feminine,Heart,french-bob,4.4
img_00019,224.3,166.0,143.1,166.0,131.4,1.35,Long,Coily,Medium,unisex,Oval,long-waves,4.5
img_00020,190.2,173.9,169.8,173.9,164.2,1.09,Long,Wavy,Medium,no_preference,Square,textured-crop,4.7
img_00021,229.1,164.5,143.6,164.5,124.3,1.39,Medium,Coily,Medium,masculine,Oval,buzz-cut,4.5
img_00022,228.9,199.9,177.7,199.9,174.0,1.15,Long,Straight,Medium,masculine,Round,curtain-bangs,4.7
img_00023,220.8,194.3,189.1,194.3,188.6,1.14,Short,Coily,Medium,no_preference,Square,french-bob,4.7
img_00024,211.9,174.9,171.1,174.9,163.9,1.21,Medium,Wavy,Medium,feminine,Square,french-bob,4.4
img_00025,261.6,169.0,138.4,169.0,132.2,1.55,Long,Curly,Medium,masculine,Oblong,textured-crop,4.5
img_00026,195.2,174.7,163.3,174.7,170.9,1.12,Short,Curly,Medium,feminine,Square,curtain-bangs,4.4
img_00027,274.5,180.1,151.2,180.1,138.6,1.52,Short,Coily,Medium,unisex,Oblong,buzz-cut,4.0
img_00028,226.4,161.7,137.2,161.7,122.4,1.4,Medium,Curly,Medium,no_preference,Oval,textured-crop,5.0
img_00029,282.3,177.1,155.4,177.1,148.0,1.59,Long,Straight,Medium,masculine,Oblong,textured-crop,4.3
img_00030,208.1,182.3,163.8,182.3,154.1,1.14,Medium,Coily,Medium,unisex,Round,french-bob,4.4
img_00031,193.3,171.8,166.8,171.8,159.5,1.13,Medium,Coily,Medium,unisex,Square,wolf-cut,4.3
img_00032,217.9,192.4,175.8,192.4,161.8,1.13,Short,Coily,Medium,masculine,Round,buzz-cut,4.6
img_00033,239.2,195.5,197.0,195.5,125.8,1.22,Long,Wavy,Medium,unisex,Heart,textured-crop,4.2
img_00034,304.8,193.6,158.7,193.6,145.9,1.57,Long,Wavy,Medium,unisex,Oblong,buzz-cut,4.3
img_00035,272.3,170.9,142.9,170.9,142.5,1.59,Medium,Curly,Medium,unisex,Oblong,buzz-cut,4.1
img_00036,191.8,180.7,163.6,180.7,148.4,1.06,Medium,Curly,Medium,feminine,Round,wolf-cut,4.2
img_00037,244.9,187.5,164.1,187.5,143.8,1.31,Medium,Wavy,Medium,no_preference,Oval,textured-crop,4.7
img_00038,280.7,185.5,158.2,185.5,147.2,1.51,Short,Curly,Medium,unisex,Oblong,buzz-cut,4.6
img_00039,205.9,190.3,176.4,190.3,175.6,1.08,Short,Wavy,Medium,feminine,Square,french-bob,4.7
img_00040,212.0,160.7,165.6,160.7,102.0,1.32,Medium,Wavy,Medium,masculine,Heart,long-waves,4.6
img_00041,286.7,195.5,156.6,195.5,164.8,1.47,Short,Coily,Medium,masculine,Oblong,wolf-cut,4.2
img_00042,176.5,161.1,147.5,161.1,136.3,1.1,Medium,Curly,Medium,no_preference,Round,textured-crop,4.5
img_00043,225.1,192.8,186.9,192.8,184.9,1.17,Long,Coily,Medium,masculine,Square,wolf-cut,4.2
img_00044,177.8,161.6,141.1,161.6,137.7,1.1,Short,Wavy,Medium,feminine,Round,long-waves,4.3
img_00045,187.8,171.3,164.7,171.3,164.0,1.1,Short,Coily,Medium,no_preference,Square,textured-crop,4.8
img_00046,244.2,181.9,155.4,181.9,140.9,1.34,Long,Coily,Medium,no_preference,Oval,long-waves,4.3
img_00047,261.5,169.5,145.7,169.5,131.2,1.54,Medium,Straight,Medium,masculine,Oblong,french-bob,4.5
img_00048,240.1,172.8,145.7,172.8,128.0,1.39,Short,Curly,Medium,no_preference,Oval,textured-crop,4.3
img_00049,238.2,182.9,182.0,182.9,115.1,1.3,Short,Coily,Medium,unisex,Heart,wolf-cut,4.8
img_00050,229.2,164.5,144.5,164.5,131.6,1.39,Medium,Straight,Medium,unisex,Oval,wolf-cut,4.4
img_00051,220.5,198.7,180.6,198.7,172.8,1.11,Medium,Curly,Medium,feminine,Round,wolf-cut,4.2
img_00052,264.4,192.9,159.1,192.9,143.7,1.37,Long,Coily,Medium,no_preference,Oval,wolf-cut,4.4
img_00053,226.7,169.5,171.0,169.5,107.6,1.34,Long,Curly,Medium,masculine,Heart,buzz-cut,4.6
img_00054,191.4,169.9,160.8,169.9,158.9,1.13,Medium,Coily,Medium,feminine,Square,long-waves,4.7
img_00055,299.8,192.9,164.8,192.9,149.3,1.55,Short,Curly,Medium,no_preference,Oblong,textured-crop,4.1
img_00056,235.9,168.9,138.7,168.9,134.8,1.4,Short,Curly,Medium,masculine,Oval,french-bob,4.9
img_00057,210.5,163.0,170.6,163.0,106.3,1.29,Short,Straight,Medium,feminine,Heart,textured-crop,4.6
img_00058,213.0,196.0,183.7,196.0,191.5,1.09,Medium,Coily,Medium,no_preference,Square,buzz-cut,4.3
img_00059,181.0,167.5,146.5,167.5,141.8,1.08,Short,Straight,Medium,no_preference,Round,curtain-bangs,4.7
img_00060,229.6,171.2,146.6,171.2,129.5,1.34,Short,Wavy,Medium,unisex,Oval,wolf-cut,4.9
img_00061,220.4,189.0,178.7,189.0,184.5,1.17,Medium,Curly,Medium,masculine,Square,wolf-cut,4.0
img_00062,257.6,191.1,168.0,191.1,145.7,1.35,Medium,Curly,Medium,masculine,Oval,french-bob,4.8
img_00063,260.7,193.5,163.5,193.5,146.4,1.35,Long,Wavy,Medium,no_preference,Oval,textured-crop,4.5
img_00064,303.8,199.9,172.2,199.9,168.8,1.52,Medium,Curly,Medium,masculine,Oblong,wolf-cut,4.5
img_00065,269.6,198.2,165.2,198.2,154.6,1.36,Medium,Coily,Medium,unisex,Oval,long-waves,4.5
img_00066,216.8,180.8,172.3,180.8,172.4,1.2,Medium,Curly,Medium,masculine,Square,textured-crop,4.1
img_00067,285.9,184.8,151.0,184.8,141.1,1.55,Medium,Wavy,Medium,feminine,Oblong,long-waves,4.6
img_00068,193.4,163.6,155.9,163.6,155.0,1.18,Long,Coily,Medium,feminine,Square,long-waves,4.9
img_00069,288.3,191.9,166.4,191.9,158.6,1.5,Short,Wavy,Medium,feminine,Oblong,wolf-cut,4.3
img_00070,206.6,183.2,174.4,183.2,173.6,1.13,Long,Curly,Medium,feminine,Square,buzz-cut,4.2
img_00071,263.9,195.9,168.5,195.9,147.0,1.35,Medium,Curly,Medium,unisex,Oval,wolf-cut,4.2
img_00072,212.9,173.9,174.8,173.9,113.6,1.22,Medium,Wavy,Medium,feminine,Heart,textured-crop,4.5
img_00073,248.3,172.9,144.9,172.9,141.5,1.44,Medium,Curly,Medium,unisex,Oblong,wolf-cut,4.0
img_00074,253.2,192.2,186.2,192.2,119.4,1.32,Long,Coily,Medium,feminine,Heart,french-bob,4.6
img_00075,194.6,189.9,164.8,189.9,162.8,1.02,Long,Curly,Medium,feminine,Round,curtain-bangs,4.5
img_00076,288.9,194.7,161.9,194.7,148.1,1.48,Long,Straight,Medium,no_preference,Oblong,long-waves,4.6
img_00077,224.5,168.5,139.3,168.5,133.7,1.33,Short,Coily,Medium,feminine,Oval,curtain-bangs,4.6
img_00078,178.2,163.5,145.7,163.5,140.5,1.09,Short,Coily,Medium,unisex,Round,long-waves,4.3
img_00079,240.5,185.8,183.2,185.8,129.8,1.29,Short,Straight,Medium,masculine,Heart,wolf-cut,4.1
img_00080,238.9,194.0,200.0,194.0,117.5,1.23,Short,Curly,Medium,unisex,Heart,curtain-bangs,4.0
img_00081,287.0,199.3,165.8,199.3,168.8,1.44,Long,Wavy,Medium,feminine,Oblong,textured-crop,4.5
img_00082,227.7,192.8,183.6,192.8,182.9,1.18,Short,Coily,Medium,masculine,Square,french-bob,5.0
img_00083,227.6,177.0,172.5,177.0,108.2,1.29,Medium,Wavy,Medium,no_preference,Heart,french-bob,4.6
img_00084,221.9,197.3,188.5,197.3,185.9,1.12,Medium,Straight,Medium,unisex,Square,long-waves,5.0
img_00085,269.0,187.4,152.0,187.4,140.6,1.44,Short,Curly,Medium,unisex,Oblong,french-bob,4.4
img_00086,266.7,194.0,163.9,194.0,154.4,1.37,Long,Straight,Medium,feminine,Oval,buzz-cut,4.4
img_00087,257.4,189.6,165.1,189.6,141.9,1.36,Short,Straight,Medium,feminine,Oval,buzz-cut,4.2
img_00088,244.9,167.5,142.5,167.5,140.8,1.46,Short,Straight,Medium,feminine,Oblong,textured-crop,4.7
img_00089,213.7,185.0,175.0,185.0,176.6,1.16,Short,Straight,Medium,unisex,Square,long-waves,4.5
img_00090,207.2,181.7,170.8,181.7,175.1,1.14,Medium,Coily,Medium,no_preference,Square,wolf-cut,4.5
img_00091,210.9,191.5,179.8,191.5,179.1,1.1,Long,Straight,Medium,feminine,Square,buzz-cut,4.6
img_00092,201.0,179.8,154.1,179.8,151.5,1.12,Long,Coily,Medium,masculine,Round,buzz-cut,4.4
img_00093,273.8,181.6,151.2,181.6,150.2,1.51,Long,Curly,Medium,unisex,Oblong,curtain-bangs,4.6
img_00094,181.1,170.1,146.7,170.1,148.4,1.06,Medium,Wavy,Medium,no_preference,Round,long-waves,4.9
img_00095,243.3,196.5,188.6,196.5,122.9,1.24,Long,Coily,Medium,no_preference,Heart,buzz-cut,4.9
img_00096,304.7,196.9,159.9,196.9,159.0,1.55,Medium,Straight,Medium,feminine,Oblong,curtain-bangs,4.7
img_00097,265.0,197.0,162.9,197.0,157.4,1.35,Medium,Coily,Medium,feminine,Oval,textured-crop,4.3
img_00098,208.6,183.7,169.6,183.7,172.7,1.14,Short,Straight,Medium,feminine,Square,textured-crop,4.1
img_00099,243.1,181.5,178.7,181.5,115.2,1.34,Medium,Curly,Medium,masculine,Heart,curtain-bangs,4.0
img_00100,183.0,165.6,157.3,165.6,156.5,1.1,Short,Straight,Medium,masculine,Square,curtain-bangs,4.6
img_00101,216.9,168.5,176.5,168.5,108.8,1.29,Medium,Wavy,Medium,no_preference,Heart,wolf-cut,4.2
img_00102,231.0,172.4,145.8,172.4,135.8,1.34,Medium,Coily,Medium,feminine,Oval,wolf-cut,4.6
img_00103,272.2,178.9,144.0,178.9,148.0,1.52,Long,Wavy,Medium,feminine,Oblong,french-bob,4.4
img_00104,201.4,179.9,154.2,179.9,148.7,1.12,Long,Curly,Medium,unisex,Round,long-waves,4.3
img_00105,180.5,176.3,151.8,176.3,151.2,1.02,Short,Coily,Medium,masculine,Round,textured-crop,4.2
img_00106,209.7,180.2,169.5,180.2,172.0,1.16,Long,Straight,Medium,no_preference,Square,long-waves,4.8
img_00107,240.6,198.5,184.3,198.5,187.5,1.21,Long,Coily,Medium,feminine,Square,long-waves,4.1
img_00108,234.0,161.1,136.4,161.1,127.6,1.45,Medium,Straight,Medium,unisex,Oblong,wolf-cut,4.3
img_00109,206.0,193.0,164.5,193.0,167.2,1.07,Short,Wavy,Medium,no_preference,Round,french-bob,4.4
img_00110,273.3,171.8,147.9,171.8,131.2,1.59,Medium,Wavy,Medium,no_preference,Oblong,curtain-bangs,4.9
img_00111,242.4,179.4,155.1,179.4,140.3,1.35,Short,Curly,Medium,masculine,Oval,french-bob,4.6
img_00112,221.0,165.3,168.5,165.3,110.5,1.34,Medium,Wavy,Medium,no_preference,Heart,wolf-cut,4.8
img_00113,231.7,171.0,146.9,171.0,135.0,1.36,Long,Straight,Medium,feminine,Oval,french-bob,4.1
img_00114,234.4,170.7,142.5,170.7,132.8,1.37,Short,Curly,Medium,feminine,Oval,wolf-cut,4.8
img_00115,265.3,175.3,140.9,175.3,134.4,1.51,Long,Straight,Medium,unisex,Oblong,wolf-cut,4.6
img_00116,183.7,162.7,143.3,162.7,142.1,1.13,Long,Curly,Medium,no_preference,Round,curtain-bangs,4.9
img_00117,263.4,179.4,151.2,179.4,137.4,1.47,Long,Straight,Medium,feminine,Oblong,curtain-bangs,4.6
img_00118,200.0,184.9,161.7,184.9,153.1,1.08,Short,Straight,Medium,masculine,Round,curtain-bangs,4.6
img_00119,234.7,169.9,147.4,169.9,132.8,1.38,Medium,Wavy,Medium,feminine,Oval,buzz-cut,4.4
img_00120,258.7,192.3,197.9,192.3,128.7,1.35,Short,Curly,Medium,no_preference,Heart,french-bob,5.0
img_00121,225.8,189.3,181.6,189.3,182.0,1.19,Medium,Coily,Medium,masculine,Square,long-waves,4.5
img_00122,241.8,199.5,184.0,199.5,192.0,1.21,Long,Straight,Medium,unisex,Square,long-waves,4.6
img_00123,178.7,172.5,155.5,172.5,140.7,1.04,Medium,Curly,Medium,unisex,Round,wolf-cut,4.5
img_00124,244.5,193.8,200.2,193.8,117.0,1.26,Long,Coily,Medium,unisex,Heart,buzz-cut,4.1
img_00125,212.8,195.4,172.1,195.4,162.6,1.09,Long,Curly,Medium,no_preference,Round,textured-crop,4.5
img_00126,256.2,189.5,160.3,189.5,150.2,1.35,Medium,Curly,Medium,unisex,Oval,long-waves,5.0
img_00127,225.0,195.0,190.4,195.0,188.7,1.15,Long,Wavy,Medium,no_preference,Square,wolf-cut,4.8
img_00128,243.3,161.5,136.7,161.5,125.5,1.51,Short,Wavy,Medium,feminine,Oblong,textured-crop,4.3
img_00129,237.1,189.5,182.1,189.5,120.4,1.25,Medium,Wavy,Medium,no_preference,Heart,long-waves,4.2
img_00130,238.0,171.1,140.8,171.1,127.7,1.39,Short,Coily,Medium,no_preference,Oval,buzz-cut,5.0
img_00131,274.9,191.5,159.6,191.5,160.4,1.44,Medium,Coily,Medium,unisex,Oblong,french-bob,4.6
img_00132,247.9,189.7,160.2,189.7,149.9,1.31,Medium,Straight,Medium,unisex,Oval,wolf-cut,4.1
img_00133,185.6,167.1,155.6,167.1,161.5,1.11,Medium,Straight,Medium,masculine,Square,french-bob,5.0
img_00134,245.7,180.7,153.9,180.7,136.6,1.36,Long,Wavy,Medium,feminine,Oval,french-bob,5.0
img_00135,214.1,192.6,179.8,192.6,183.4,1.11,Short,Coily,Medium,feminine,Square,wolf-cut,4.1
img_00136,233.1,175.6,149.1,175.6,130.4,1.33,Medium,Coily,Medium,feminine,Oval,textured-crop,4.3
img_00137,238.2,182.0,153.7,182.0,138.8,1.31,Long,Straight,Medium,no_preference,Oval,long-waves,4.5
img_00138,260.5,168.8,136.1,168.8,141.0,1.54,Short,Coily,Medium,feminine,Oblong,wolf-cut,4.9
img_00139,204.3,173.9,165.9,173.9,162.8,1.17,Medium,Coily,Medium,unisex,Square,buzz-cut,4.9
img_00140,187.5,166.4,155.5,166.4,162.4,1.13,Long,Curly,Medium,feminine,Square,buzz-cut,4.2
img_00141,227.3,198.5,193.0,198.5,182.6,1.15,Long,Straight,Medium,feminine,Square,long-waves,4.8
img_00142,256.2,180.3,148.4,180.3,146.3,1.42,Short,Straight,Medium,masculine,Oblong,long-waves,4.6
img_00143,275.2,191.2,164.6,191.2,153.7,1.44,Medium,Curly,Medium,no_preference,Oblong,buzz-cut,4.2
img_00144,260.7,164.1,140.3,164.1,124.2,1.59,Long,Coily,Medium,masculine,Oblong,buzz-cut,4.1
img_00145,183.9,178.9,153.0,178.9,155.4,1.03,Medium,Coily,Medium,unisex,Round,wolf-cut,4.4
img_00146,196.0,165.2,152.2,165.2,152.2,1.19,Medium,Curly,Medium,unisex,Square,curtain-bangs,4.3
img_00147,179.8,166.4,152.4,166.4,134.4,1.08,Short,Curly,Medium,unisex,Round,wolf-cut,4.7
img_00148,255.6,193.6,188.4,193.6,118.7,1.32,Long,Straight,Medium,feminine,Heart,buzz-cut,4.0
img_00149,295.7,197.7,168.3,197.7,156.2,1.5,Short,Straight,Medium,unisex,Oblong,curtain-bangs,4.4
img_00150,248.9,189.0,183.3,189.0,129.8,1.32,Medium,Curly,Medium,no_preference,Heart,curtain-bangs,5.0
img_00151,268.3,194.7,168.7,194.7,154.0,1.38,Long,Curly,Medium,masculine,Oval,buzz-cut,4.0
img_00152,247.2,198.7,197.9,198.7,119.2,1.24,Long,Straight,Medium,feminine,Heart,buzz-cut,4.2
img_00153,226.7,168.0,138.4,168.0,130.2,1.35,Short,Wavy,Medium,no_preference,Oval,curtain-bangs,5.0
img_00154,209.8,160.5,135.4,160.5,123.4,1.31,Long,Wavy,Medium,no_preference,Oval,curtain-bangs,4.7
img_00155,275.5,198.1,171.1,198.1,155.5,1.39,Short,Straight,Medium,no_preference,Oval,textured-crop,4.6
img_00156,243.2,188.1,178.9,188.1,119.0,1.29,Medium,Straight,Medium,masculine,Heart,textured-crop,4.4
img_00157,257.8,193.0,162.0,193.0,154.1,1.34,Medium,Wavy,Medium,feminine,Oval,long-waves,4.8
img_00158,172.3,166.7,149.1,166.7,142.8,1.03,Medium,Straight,Medium,feminine,Round,textured-crop,4.1
img_00159,261.3,188.4,162.5,188.4,148.4,1.39,Medium,Curly,Medium,unisex,Oval,curtain-bangs,4.9
img_00160,243.1,183.9,183.5,183.9,111.1,1.32,Medium,Wavy,Medium,unisex,Heart,long-waves,4.1
img_00161,221.8,166.4,161.7,166.4,116.1,1.33,Short,Coily,Medium,masculine,Heart,wolf-cut,4.7
img_00162,180.3,166.5,159.7,166.5,156.5,1.08,Short,Curly,Medium,unisex,Square,buzz-cut,4.2
img_00163,192.2,168.8,157.4,168.8,163.8,1.14,Short,Wavy,Medium,masculine,Square,long-waves,4.7
img_00164,243.6,185.2,190.1,185.2,120.4,1.32,Medium,Straight,Medium,unisex,Heart,textured-crop,4.4
img_00165,268.8,175.8,149.1,175.8,145.8,1.53,Long,Wavy,Medium,unisex,Oblong,curtain-bangs,4.3
img_00166,258.1,168.4,143.3,168.4,138.7,1.53,Long,Wavy,Medium,no_preference,Oblong,buzz-cut,4.9
img_00167,194.3,169.5,146.2,169.5,147.2,1.15,Short,Straight,Medium,feminine,Round,french-bob,4.9
img_00168,244.2,186.5,160.2,186.5,141.5,1.31,Medium,Curly,Medium,masculine,Oval,wolf-cut,4.3
img_00169,222.4,165.2,164.5,165.2,103.0,1.35,Long,Wavy,Medium,feminine,Heart,long-waves,4.4
img_00170,246.5,193.2,188.3,193.2,127.8,1.28,Short,Straight,Medium,no_preference,Heart,french-bob,4.2
img_00171,246.1,184.2,157.0,184.2,145.0,1.34,Long,Curly,Medium,feminine,Oval,buzz-cut,4.5
img_00172,209.6,170.8,171.3,170.8,118.5,1.23,Short,Straight,Medium,unisex,Heart,curtain-bangs,4.5
img_00173,235.3,163.5,138.5,163.5,133.9,1.44,Short,Wavy,Medium,no_preference,Oblong,curtain-bangs,4.0
img_00174,198.3,172.9,154.0,172.9,141.9,1.15,Long,Wavy,Medium,unisex,Round,buzz-cut,4.5
img_00175,263.4,165.7,142.3,165.7,127.0,1.59,Short,Straight,Medium,unisex,Oblong,wolf-cut,4.4
img_00176,291.0,198.5,169.3,198.5,168.3,1.47,Long,Wavy,Medium,feminine,Oblong,long-waves,4.2
img_00177,213.1,194.8,166.0,194.8,170.3,1.09,Medium,Coily,Medium,masculine,Round,textured-crop,4.2
img_00178,284.5,186.7,154.5,186.7,143.0,1.52,Medium,Curly,Medium,masculine,Oblong,textured-crop,4.4
img_00179,291.2,191.3,164.3,191.3,160.3,1.52,Short,Wavy,Medium,feminine,Oblong,buzz-cut,4.7
img_00180,214.1,190.5,167.7,190.5,164.9,1.12,Medium,Wavy,Medium,unisex,Round,textured-crop,4.3
img_00181,234.0,174.7,150.5,174.7,133.3,1.34,Short,Straight,Medium,masculine,Oval,textured-crop,4.4
img_00182,191.2,183.5,164.2,183.5,157.9,1.04,Short,Curly,Medium,masculine,Round,long-waves,5.0
img_00183,183.3,179.2,156.6,179.2,148.8,1.02,Medium,Coily,Medium,masculine,Round,buzz-cut,4.5
img_00184,227.5,190.6,183.6,190.6,186.3,1.19,Short,Straight,Medium,unisex,Square,curtain-bangs,4.0
img_00185,286.8,195.9,171.3,195.9,148.1,1.46,Short,Straight,Medium,feminine,Oblong,curtain-bangs,4.1
img_00186,279.7,184.7,157.7,184.7,155.7,1.51,Long,Coily,Medium,no_preference,Oblong,long-waves,4.6
img_00187,201.9,176.0,159.7,176.0,148.2,1.15,Long,Curly,Medium,no_preference,Round,long-waves,4.8
img_00188,242.2,182.7,160.4,182.7,140.5,1.33,Long,Wavy,Medium,masculine,Oval,buzz-cut,4.0
img_00189,167.8,164.5,147.2,164.5,138.4,1.02,Short,Wavy,Medium,masculine,Round,long-waves,4.2
img_00190,269.1,193.6,162.9,193.6,146.0,1.39,Short,Coily,Medium,feminine,Oval,curtain-bangs,4.9
img_00191,215.4,192.4,165.5,192.4,160.4,1.12,Short,Curly,Medium,masculine,Round,curtain-bangs,4.9
img_00192,220.9,168.7,138.5,168.7,131.3,1.31,Long,Coily,Medium,unisex,Oval,long-waves,4.3
img_00193,277.4,183.8,161.5,183.8,140.3,1.51,Short,Wavy,Medium,unisex,Oblong,long-waves,4.4
img_00194,262.6,187.7,155.4,187.7,140.1,1.4,Medium,Wavy,Medium,feminine,Oval,wolf-cut,4.1
img_00195,284.8,195.8,161.7,195.8,151.3,1.45,Short,Curly,Medium,no_preference,Oblong,wolf-cut,4.5
img_00196,192.2,186.8,167.1,186.8,153.5,1.03,Medium,Curly,Medium,feminine,Round,buzz-cut,4.3
img_00197,182.3,167.6,158.0,167.6,157.9,1.09,Long,Wavy,Medium,unisex,Square,french-bob,4.3
img_00198,220.0,163.6,165.8,163.6,110.5,1.35,Long,Coily,Medium,feminine,Heart,french-bob,4.4
img_00199,227.2,173.9,179.0,173.9,120.5,1.31,Short,Curly,Medium,no_preference,Heart,curtain-bangs,4.2
img_00200,295.3,189.5,155.3,189.5,154.8,1.56,Medium,Wavy,Medium,feminine,Oblong,textured-crop,4.6
img_00201,251.0,191.3,182.4,191.3,120.6,1.31,Medium,Straight,Medium,feminine,Heart,textured-crop,4.1
img_00202,195.2,169.6,164.4,169.6,158.8,1.15,Medium,Coily,Medium,feminine,Square,french-bob,4.9
img_00203,212.1,183.0,172.6,183.0,173.8,1.16,Short,Wavy,Medium,feminine,Square,long-waves,4.6
img_00204,219.0,194.7,176.3,194.7,160.5,1.12,Short,Curly,Medium,masculine,Round,curtain-bangs,4.2
img_00205,193.3,168.9,150.4,168.9,147.8,1.14,Medium,Straight,Medium,masculine,Round,french-bob,4.3
img_00206,253.6,184.3,153.0,184.3,141.9,1.38,Short,Wavy,Medium,masculine,Oval,wolf-cut,4.4
img_00207,232.6,161.0,141.2,161.0,129.6,1.44,Short,Curly,Medium,feminine,Oblong,buzz-cut,4.4
img_00208,236.8,194.1,184.7,194.1,128.1,1.22,Long,Curly,Medium,unisex,Heart,curtain-bangs,4.6
img_00209,183.3,178.4,164.1,178.4,143.5,1.03,Long,Straight,Medium,unisex,Round,curtain-bangs,4.2
img_00210,243.1,164.9,133.2,164.9,135.1,1.47,Short,Coily,Medium,no_preference,Oblong,textured-crop,4.2
img_00211,224.1,172.3,172.7,172.3,110.7,1.3,Long,Straight,Medium,no_preference,Heart,french-bob,4.7
img_00212,198.8,174.7,169.4,174.7,168.4,1.14,Medium,Straight,Medium,feminine,Square,long-waves,4.1
img_00213,235.8,160.8,138.4,160.8,122.8,1.47,Long,Straight,Medium,masculine,Oblong,wolf-cut,4.0
img_00214,193.7,185.2,158.2,185.2,148.8,1.05,Short,Curly,Medium,masculine,Round,buzz-cut,4.6
img_00215,278.6,193.8,162.6,193.8,148.2,1.44,Medium,Coily,Medium,unisex,Oblong,textured-crop,4.6
img_00216,278.5,178.4,155.4,178.4,150.8,1.56,Short,Coily,Medium,masculine,Oblong,textured-crop,4.7
img_00217,204.9,163.1,170.1,163.1,102.0,1.26,Short,Coily,Medium,unisex,Heart,long-waves,4.4
img_00218,241.2,184.6,157.1,184.6,138.2,1.31,Short,Curly,Medium,masculine,Oval,wolf-cut,4.0
img_00219,222.2,186.4,172.6,186.4,171.9,1.19,Short,Coily,Medium,feminine,Square,french-bob,5.0
img_00220,249.4,191.0,185.0,191.0,117.9,1.31,Short,Straight,Medium,feminine,Heart,french-bob,4.8
img_00221,165.8,160.8,147.6,160.8,132.5,1.03,Short,Straight,Medium,feminine,Round,long-waves,4.0
img_00222,243.8,184.6,187.3,184.6,120.5,1.32,Medium,Curly,Medium,feminine,Heart,long-waves,4.8
img_00223,221.0,179.0,178.7,179.0,123.9,1.23,Medium,Curly,Medium,feminine,Heart,textured-crop,4.9
img_00224,234.9,174.9,148.0,174.9,135.8,1.34,Medium,Coily,Medium,feminine,Oval,buzz-cut,4.1
img_00225,228.8,195.5,183.2,195.5,189.4,1.17,Long,Curly,Medium,masculine,Square,buzz-cut,4.9
img_00226,194.5,185.4,170.3,185.4,159.5,1.05,Medium,Curly,Medium,unisex,Round,buzz-cut,4.1
img_00227,197.3,170.8,164.6,170.8,158.2,1.16,Short,Curly,Medium,no_preference,Square,curtain-bangs,5.0
img_00228,187.3,166.0,156.9,166.0,160.3,1.13,Short,Coily,Medium,unisex,Square,french-bob,4.6
img_00229,249.5,163.8,142.5,163.8,129.9,1.52,Medium,Wavy,Medium,no_preference,Oblong,textured-crop,4.7
img_00230,218.4,199.7,188.5,199.7,193.3,1.09,Long,Straight,Medium,feminine,Square,wolf-cut,4.7
img_00231,189.3,167.5,162.0,167.5,159.7,1.13,Medium,Wavy,Medium,feminine,Square,long-waves,4.0
img_00232,220.6,160.4,138.9,160.4,125.3,1.37,Long,Curly,Medium,unisex,Oval,french-bob,4.9
img_00233,245.7,165.0,140.5,165.0,136.6,1.49,Medium,Curly,Medium,feminine,Oblong,wolf-cut,4.7
img_00234,233.7,161.2,131.3,161.2,127.1,1.45,Short,Curly,Medium,unisex,Oblong,buzz-cut,4.5
img_00235,188.8,162.6,155.1,162.6,155.1,1.16,Medium,Coily,Medium,feminine,Square,french-bob,4.8
img_00236,248.0,193.0,184.8,193.0,116.9,1.28,Short,Coily,Medium,feminine,Heart,long-waves,4.7
img_00237,230.8,180.7,174.3,180.7,114.3,1.28,Long,Straight,Medium,feminine,Heart,buzz-cut,4.1
img_00238,255.7,189.4,197.6,189.4,125.8,1.35,Short,Wavy,Medium,no_preference,Heart,buzz-cut,4.8
img_00239,228.4,187.4,180.8,187.4,180.8,1.22,Medium,Coily,Medium,masculine,Square,textured-crop,4.6
img_00240,177.4,173.4,147.7,173.4,150.2,1.02,Short,Wavy,Medium,masculine,Round,curtain-bangs,4.3
img_00241,255.3,162.2,132.7,162.2,127.8,1.57,Short,Coily,Medium,masculine,Oblong,wolf-cut,4.5
img_00242,288.7,188.2,151.3,188.2,158.2,1.53,Long,Straight,Medium,no_preference,Oblong,textured-crop,4.0
img_00243,226.4,166.4,137.8,166.4,130.6,1.36,Short,Coily,Medium,masculine,Oval,french-bob,4.3
img_00244,180.5,171.3,148.6,171.3,149.4,1.05,Medium,Coily,Medium,no_preference,Round,french-bob,4.4
img_00245,249.6,191.1,162.3,191.1,141.8,1.31,Medium,Wavy,Medium,unisex,Oval,textured-crop,4.3
img_00246,187.9,176.4,161.1,176.4,141.5,1.07,Long,Coily,Medium,no_preference,Round,wolf-cut,4.1
img_00247,249.2,191.5,191.4,191.5,133.7,1.3,Short,Curly,Medium,unisex,Heart,long-waves,4.2
img_00248,249.5,178.6,152.9,178.6,135.9,1.4,Short,Straight,Medium,feminine,Oval,wolf-cut,4.2
img_00249,181.4,163.6,145.3,163.6,143.7,1.11,Short,Wavy,Medium,no_preference,Round,long-waves,4.5
img_00250,237.7,181.7,154.0,181.7,139.8,1.31,Short,Straight,Medium,feminine,Oval,french-bob,4.8
img_00251,185.5,163.9,144.6,163.9,140.9,1.13,Long,Coily,Medium,feminine,Round,buzz-cut,4.4
img_00252,192.9,162.1,151.1,162.1,151.6,1.19,Medium,Curly,Medium,no_preference,Square,french-bob,4.8
img_00253,270.1,186.4,152.9,186.4,157.4,1.45,Medium,Coily,Medium,feminine,Oblong,textured-crop,4.0
img_00254,218.5,163.8,137.1,163.8,125.0,1.33,Long,Wavy,Medium,unisex,Oval,buzz-cut,4.5
img_00255,208.3,175.2,171.3,175.2,163.3,1.19,Medium,Coily,Medium,no_preference,Square,buzz-cut,4.8
img_00256,215.6,171.1,173.5,171.1,106.0,1.26,Medium,Coily,Medium,feminine,Heart,long-waves,4.4
img_00257,216.6,166.6,164.4,166.6,114.9,1.3,Long,Coily,Medium,feminine,Heart,textured-crop,4.6
img_00258,296.8,189.3,156.2,189.3,157.1,1.57,Medium,Wavy,Medium,unisex,Oblong,textured-crop,4.8
img_00259,247.1,176.7,152.0,176.7,137.5,1.4,Medium,Wavy,Medium,unisex,Oval,curtain-bangs,4.2
img_00260,204.9,187.5,172.8,187.5,181.7,1.09,Medium,Wavy,Medium,feminine,Square,wolf-cut,5.0
img_00261,257.8,194.3,195.1,194.3,130.4,1.33,Short,Curly,Medium,feminine,Heart,buzz-cut,4.5
img_00262,266.7,170.2,148.1,170.2,136.6,1.57,Short,Coily,Medium,no_preference,Oblong,long-waves,4.1
img_00263,279.9,176.8,151.9,176.8,136.0,1.58,Long,Straight,Medium,unisex,Oblong,french-bob,4.7
img_00264,241.0,178.9,181.3,178.9,109.6,1.35,Medium,Wavy,Medium,unisex,Heart,buzz-cut,4.7
img_00265,260.5,186.2,153.5,186.2,138.7,1.4,Long,Coily,Medium,feminine,Oval,textured-crop,4.2
img_00266,237.9,161.3,137.5,161.3,136.1,1.47,Short,Curly,Medium,masculine,Oblong,curtain-bangs,4.1
img_00267,210.9,186.0,158.1,186.0,151.3,1.13,Medium,Coily,Medium,feminine,Round,french-bob,4.2
img_00268,270.7,181.9,159.7,181.9,138.4,1.49,Short,Straight,Medium,no_preference,Oblong,french-bob,4.9
img_00269,238.8,171.7,148.6,171.7,135.3,1.39,Short,Curly,Medium,feminine,Oval,textured-crop,4.3
img_00270,237.6,171.3,141.6,171.3,134.0,1.39,Short,Coily,Medium,no_preference,Oval,textured-crop,4.2
img_00271,237.8,178.8,153.0,178.8,135.5,1.33,Long,Wavy,Medium,feminine,Oval,textured-crop,4.0
img_00272,260.3,195.1,191.8,195.1,123.7,1.33,Long,Curly,Medium,unisex,Heart,wolf-cut,4.8
img_00273,247.4,183.3,189.8,183.3,119.5,1.35,Short,Coily,Medium,no_preference,Heart,wolf-cut,4.6
img_00274,256.3,189.5,155.8,189.5,150.1,1.35,Medium,Coily,Medium,no_preference,Oval,textured-crop,4.0
img_00275,251.5,196.4,189.3,196.4,124.6,1.28,Short,Wavy,Medium,no_preference,Heart,wolf-cut,4.6
img_00276,249.6,191.6,194.9,191.6,117.5,1.3,Medium,Coily,Medium,masculine,Heart,curtain-bangs,4.7
img_00277,184.8,170.9,157.0,170.9,140.4,1.08,Medium,Wavy,Medium,feminine,Round,textured-crop,4.0
img_00278,255.5,178.9,145.1,178.9,139.1,1.43,Short,Straight,Medium,masculine,Oblong,wolf-cut,4.5
img_00279,203.9,177.9,170.0,177.9,169.4,1.15,Short,Wavy,Medium,masculine,Square,french-bob,4.8
img_00280,207.7,164.3,169.3,164.3,108.0,1.26,Medium,Wavy,Medium,unisex,Heart,french-bob,4.9
img_00281,256.0,192.7,167.4,192.7,148.7,1.33,Long,Curly,Medium,unisex,Oval,textured-crop,4.0
img_00282,184.9,161.8,157.9,161.8,150.5,1.14,Long,Coily,Medium,no_preference,Square,wolf-cut,4.7
img_00283,235.3,187.0,191.1,187.0,130.0,1.26,Short,Coily,Medium,masculine,Heart,curtain-bangs,4.0
img_00284,275.7,193.2,168.0,193.2,149.8,1.43,Medium,Straight,Medium,unisex,Oblong,buzz-cut,4.4
img_00285,212.7,183.9,179.1,183.9,173.6,1.16,Long,Curly,Medium,masculine,Square,long-waves,4.7
img_00286,258.1,185.9,159.1,185.9,143.1,1.39,Long,Wavy,Medium,masculine,Oval,textured-crop,4.2
img_00287,207.3,189.0,184.1,189.0,174.6,1.1,Medium,Coily,Medium,feminine,Square,textured-crop,4.7
img_00288,220.5,171.8,173.1,171.8,103.8,1.28,Short,Wavy,Medium,masculine,Heart,textured-crop,4.7
img_00289,217.8,162.7,141.7,162.7,124.3,1.34,Short,Curly,Medium,masculine,Oval,wolf-cut,4.9
img_00290,214.7,169.1,168.2,169.1,111.2,1.27,Short,Curly,Medium,unisex,Heart,curtain-bangs,4.6
img_00291,178.9,174.8,153.4,174.8,147.2,1.02,Medium,Coily,Medium,no_preference,Round,wolf-cut,4.6
img_00292,289.9,195.6,158.9,195.6,147.2,1.48,Medium,Coily,Medium,unisex,Oblong,curtain-bangs,4.4
img_00293,198.2,176.4,169.4,176.4,168.7,1.12,Medium,Coily,Medium,no_preference,Square,buzz-cut,4.6
img_00294,224.4,166.7,162.2,166.7,116.3,1.35,Long,Curly,Medium,masculine,Heart,buzz-cut,4.1
img_00295,193.5,175.5,161.7,175.5,169.4,1.1,Long,Straight,Medium,feminine,Square,long-waves,4.9
img_00296,260.0,174.8,146.5,174.8,138.9,1.49,Medium,Coily,Medium,masculine,Oblong,textured-crop,4.1
img_00297,225.1,198.4,187.2,198.4,186.6,1.13,Short,Straight,Medium,masculine,Square,textured-crop,4.5
img_00298,299.1,190.5,159.1,190.5,148.6,1.57,Short,Curly,Medium,feminine,Oblong,textured-crop,4.5
img_00299,225.0,169.4,170.2,169.4,104.4,1.33,Long,Coily,Medium,masculine,Heart,curtain-bangs,4.2
img_00300,192.5,179.6,165.1,179.6,156.3,1.07,Medium,Straight,Medium,no_preference,Round,long-waves,4.5
img_00301,261.1,165.9,142.2,165.9,139.5,1.57,Long,Coily,Medium,unisex,Oblong,wolf-cut,4.6
img_00302,254.5,178.3,153.3,178.3,143.6,1.43,Short,Straight,Medium,no_preference,Oblong,buzz-cut,4.5
img_00303,205.5,197.8,174.5,197.8,173.7,1.04,Medium,Curly,Medium,unisex,Round,long-waves,4.5
img_00304,199.5,168.1,158.6,168.1,159.8,1.19,Short,Curly,Medium,feminine,Square,textured-crop,4.9
img_00305,210.8,176.3,170.3,176.3,168.3,1.2,Short,Curly,Medium,no_preference,Square,textured-crop,4.1
img_00306,279.2,177.6,154.7,177.6,134.3,1.57,Medium,Curly,Medium,unisex,Oblong,wolf-cut,4.5
img_00307,280.5,197.1,165.2,197.1,161.3,1.42,Long,Curly,Medium,feminine,Oblong,long-waves,4.1
img_00308,272.8,174.3,143.4,174.3,134.4,1.56,Short,Wavy,Medium,unisex,Oblong,curtain-bangs,5.0
img_00309,204.4,193.1,164.4,193.1,165.9,1.06,Short,Straight,Medium,masculine,Round,wolf-cut,4.0
img_00310,302.0,192.9,167.9,192.9,158.2,1.57,Long,Coily,Medium,unisex,Oblong,textured-crop,4.7
img_00311,216.6,176.3,173.6,176.3,107.7,1.23,Short,Straight,Medium,no_preference,Heart,long-waves,4.0
img_00312,203.0,180.9,167.3,180.9,171.9,1.12,Medium,Coily,Medium,no_preference,Square,french-bob,4.1
img_00313,208.5,188.4,162.9,188.4,163.7,1.11,Long,Coily,Medium,unisex,Round,french-bob,4.2
img_00314,186.9,160.9,156.1,160.9,153.3,1.16,Medium,Straight,Medium,masculine,Square,wolf-cut,4.2
img_00315,204.0,185.9,181.0,185.9,176.7,1.1,Medium,Wavy,Medium,feminine,Square,buzz-cut,4.6
img_00316,239.0,185.5,184.8,185.5,115.6,1.29,Short,Coily,Medium,unisex,Heart,french-bob,4.6
img_00317,218.9,165.7,161.9,165.7,107.7,1.32,Medium,Wavy,Medium,feminine,Heart,long-waves,4.7
img_00318,253.0,189.9,155.8,189.9,146.4,1.33,Medium,Wavy,Medium,no_preference,Oval,french-bob,4.7
img_00319,190.2,178.7,163.6,178.7,144.1,1.06,Long,Straight,Medium,masculine,Round,curtain-bangs,4.3
img_00320,225.8,194.7,189.7,194.7,190.1,1.16,Long,Straight,Medium,feminine,Square,buzz-cut,4.7
img_00321,253.0,187.5,158.1,187.5,145.9,1.35,Long,Wavy,Medium,unisex,Oval,wolf-cut,4.7
img_00322,246.0,167.3,135.6,167.3,136.8,1.47,Short,Wavy,Medium,masculine,Oblong,wolf-cut,4.5
img_00323,201.9,185.8,174.9,185.8,181.6,1.09,Short,Curly,Medium,unisex,Square,long-waves,4.6
img_00324,190.1,174.8,168.9,174.8,165.2,1.09,Short,Coily,Medium,unisex,Square,long-waves,4.2
img_00325,267.5,194.8,167.3,194.8,153.5,1.37,Long,Straight,Medium,masculine,Oval,long-waves,4.4
img_00326,239.0,189.5,192.3,189.5,121.2,1.26,Medium,Wavy,Medium,masculine,Heart,buzz-cut,4.1
img_00327,190.1,174.7,161.9,174.7,166.1,1.09,Long,Straight,Medium,feminine,Square,french-bob,4.2
img_00328,166.6,160.8,141.3,160.8,135.0,1.04,Long,Wavy,Medium,masculine,Round,buzz-cut,4.6
img_00329,284.5,178.6,150.3,178.6,146.0,1.59,Long,Coily,Medium,no_preference,Oblong,textured-crop,4.5
img_00330,212.7,194.3,166.2,194.3,161.4,1.09,Short,Wavy,Medium,masculine,Round,french-bob,4.4
img_00331,269.7,173.7,142.0,173.7,141.4,1.55,Long,Straight,Medium,no_preference,Oblong,wolf-cut,5.0
img_00332,194.1,160.9,155.6,160.9,155.6,1.21,Short,Wavy,Medium,unisex,Square,buzz-cut,4.9
img_00333,247.7,169.1,141.9,169.1,139.5,1.46,Long,Coily,Medium,feminine,Oblong,buzz-cut,5.0
img_00334,229.4,169.6,145.7,169.6,132.0,1.35,Medium,Straight,Medium,masculine,Oval,curtain-bangs,4.7
img_00335,221.3,195.8,170.8,195.8,161.0,1.13,Short,Straight,Medium,no_preference,Round,buzz-cut,4.4
img_00336,246.1,185.7,194.0,185.7,117.7,1.33,Medium,Coily,Medium,masculine,Heart,textured-crop,4.7
img_00337,169.4,165.9,148.3,165.9,138.7,1.02,Medium,Straight,Medium,feminine,Round,french-bob,4.5
img_00338,315.4,198.0,168.2,198.0,166.9,1.59,Medium,Wavy,Medium,feminine,Oblong,long-waves,4.2
img_00339,190.4,166.6,155.4,166.6,153.8,1.14,Short,Straight,Medium,no_preference,Square,curtain-bangs,4.8
img_00340,205.9,175.7,162.8,175.7,168.3,1.17,Long,Wavy,Medium,feminine,Square,textured-crop,4.2
img_00341,271.0,177.5,143.0,177.5,144.2,1.53,Medium,Wavy,Medium,no_preference,Oblong,buzz-cut,4.8
img_00342,205.2,174.2,164.4,174.2,170.2,1.18,Medium,Curly,Medium,no_preference,Square,wolf-cut,4.9
img_00343,221.4,169.9,172.7,169.9,104.7,1.3,Medium,Wavy,Medium,masculine,Heart,french-bob,4.6
img_00344,238.0,160.4,140.2,160.4,123.9,1.48,Long,Straight,Medium,no_preference,Oblong,long-waves,4.3
img_00345,203.2,180.6,156.7,180.6,148.0,1.13,Short,Curly,Medium,no_preference,Round,wolf-cut,4.0
img_00346,218.2,171.6,178.8,171.6,120.0,1.27,Short,Straight,Medium,unisex,Heart,textured-crop,4.6
img_00347,254.7,190.2,198.7,190.2,125.1,1.34,Medium,Straight,Medium,feminine,Heart,wolf-cut,4.3
img_00348,233.1,183.0,189.3,183.0,126.3,1.27,Medium,Straight,Medium,no_preference,Heart,buzz-cut,4.0
img_00349,183.3,168.8,155.7,168.8,157.1,1.09,Medium,Coily,Medium,masculine,Square,textured-crop,5.0
img_00350,287.2,188.8,157.5,188.8,147.7,1.52,Long,Curly,Medium,masculine,Oblong,buzz-cut,4.4
img_00351,210.3,195.7,177.0,195.7,164.0,1.07,Long,Wavy,Medium,no_preference,Round,wolf-cut,4.6
img_00352,233.6,171.8,141.2,171.8,133.7,1.36,Long,Coily,Medium,feminine,Oval,curtain-bangs,4.5
img_00353,195.9,163.8,151.2,163.8,157.8,1.2,Short,Coily,Medium,no_preference,Square,long-waves,4.8
img_00354,212.6,195.0,169.6,195.0,162.7,1.09,Short,Curly,Medium,feminine,Round,wolf-cut,4.8
img_00355,239.8,183.6,154.6,183.6,143.8,1.31,Long,Curly,Medium,feminine,Oval,wolf-cut,4.3
img_00356,212.4,195.3,181.9,195.3,183.3,1.09,Long,Curly,Medium,no_preference,Square,textured-crop,4.8
img_00357,182.8,172.1,154.9,172.1,148.9,1.06,Medium,Straight,Medium,feminine,Round,curtain-bangs,5.0
img_00358,262.8,199.4,197.3,199.4,131.4,1.32,Short,Coily,Medium,unisex,Heart,long-waves,4.7
img_00359,196.8,170.8,159.9,170.8,163.5,1.15,Medium,Straight,Medium,masculine,Square,buzz-cut,4.9
img_00360,224.0,165.2,143.2,165.2,129.3,1.36,Long,Coily,Medium,masculine,Oval,textured-crop,4.4
img_00361,209.1,187.9,165.8,187.9,164.2,1.11,Long,Wavy,Medium,unisex,Round,wolf-cut,4.9
img_00362,210.4,161.2,133.6,161.2,121.4,1.31,Short,Curly,Medium,masculine,Oval,textured-crop,4.7
img_00363,298.7,197.9,164.3,197.9,151.6,1.51,Medium,Straight,Medium,unisex,Oblong,curtain-bangs,4.8
img_00364,208.6,184.6,158.2,184.6,156.0,1.13,Short,Curly,Medium,feminine,Round,textured-crop,4.5
img_00365,199.0,177.2,168.1,177.2,164.3,1.12,Medium,Curly,Medium,unisex,Square,buzz-cut,4.2
img_00366,214.5,194.6,182.7,194.6,182.4,1.1,Medium,Curly,Medium,masculine,Square,wolf-cut,4.1
img_00367,236.2,194.0,185.8,194.0,181.4,1.22,Short,Straight,Medium,no_preference,Square,french-bob,4.4
img_00368,266.7,174.1,143.9,174.1,143.3,1.53,Medium,Straight,Medium,feminine,Oblong,curtain-bangs,4.4
img_00369,196.7,177.3,154.8,177.3,142.7,1.11,Long,Curly,Medium,no_preference,Round,textured-crop,4.6
img_00370,222.8,191.4,187.5,191.4,179.8,1.16,Long,Wavy,Medium,masculine,Square,textured-crop,4.0
img_00371,286.4,199.1,168.0,199.1,168.8,1.44,Short,Straight,Medium,feminine,Oblong,long-waves,4.6
img_00372,232.9,173.9,145.3,173.9,130.8,1.34,Short,Curly,Medium,no_preference,Oval,long-waves,4.3
img_00373,194.9,187.6,167.3,187.6,152.7,1.04,Long,Wavy,Medium,no_preference,Round,curtain-bangs,4.4
img_00374,239.3,184.0,186.7,184.0,115.3,1.3,Medium,Wavy,Medium,unisex,Heart,french-bob,4.3
img_00375,197.1,178.0,158.6,178.0,149.9,1.11,Long,Coily,Medium,feminine,Round,wolf-cut,4.2
img_00376,180.9,164.2,160.4,164.2,158.4,1.1,Short,Curly,Medium,no_preference,Square,french-bob,4.6
img_00377,220.8,162.0,136.6,162.0,129.0,1.36,Short,Coily,Medium,unisex,Oval,textured-crop,4.2
img_00378,255.3,193.6,166.6,193.6,154.6,1.32,Short,Wavy,Medium,feminine,Oval,curtain-bangs,4.4
img_00379,213.6,195.6,189.4,195.6,190.1,1.09,Short,Curly,Medium,masculine,Square,curtain-bangs,4.0
img_00380,240.4,184.5,179.8,184.5,123.9,1.3,Long,Straight,Medium,masculine,Heart,buzz-cut,4.0
img_00381,223.7,168.6,140.7,168.6,125.4,1.33,Short,Wavy,Medium,unisex,Oval,french-bob,4.6
img_00382,208.1,183.8,172.8,183.8,178.8,1.13,Long,Curly,Medium,no_preference,Square,curtain-bangs,4.3
img_00383,218.7,184.7,178.1,184.7,175.7,1.18,Long,Wavy,Medium,feminine,Square,textured-crop,4.9
img_00384,202.9,181.5,171.0,181.5,176.8,1.12,Short,Wavy,Medium,no_preference,Square,curtain-bangs,4.5
img_00385,299.2,194.9,169.0,194.9,155.9,1.53,Medium,Coily,Medium,unisex,Oblong,wolf-cut,4.8
img_00386,204.2,193.0,170.0,193.0,154.7,1.06,Medium,Coily,Medium,unisex,Round,wolf-cut,4.5
img_00387,211.6,168.4,172.0,168.4,101.2,1.26,Short,Straight,Medium,feminine,Heart,french-bob,4.1
img_00388,236.6,162.8,138.9,162.8,136.5,1.45,Short,Curly,Medium,no_preference,Oblong,curtain-bangs,4.1
img_00389,254.3,160.3,133.9,160.3,129.1,1.59,Short,Straight,Medium,masculine,Oblong,long-waves,4.8
img_00390,255.2,193.1,167.7,193.1,152.0,1.32,Medium,Wavy,Medium,masculine,Oval,long-waves,4.3
img_00391,240.2,172.7,142.5,172.7,136.4,1.39,Long,Wavy,Medium,masculine,Oval,french-bob,4.8
img_00392,234.0,173.8,146.8,173.8,128.7,1.35,Short,Straight,Medium,unisex,Oval,wolf-cut,4.4
img_00393,209.0,169.2,163.5,169.2,101.5,1.24,Medium,Straight,Medium,feminine,Heart,buzz-cut,4.5
img_00394,233.2,173.8,150.2,173.8,137.8,1.34,Medium,Wavy,Medium,unisex,Oval,buzz-cut,4.6
img_00395,198.7,180.8,156.8,180.8,145.5,1.1,Medium,Curly,Medium,unisex,Round,french-bob,4.2
img_00396,246.6,182.9,181.3,182.9,123.5,1.35,Short,Curly,Medium,unisex,Heart,long-waves,4.4
img_00397,181.1,166.9,146.6,166.9,145.1,1.09,Medium,Straight,Medium,no_preference,Round,wolf-cut,4.7
img_00398,243.9,164.7,133.6,164.7,134.9,1.48,Long,Straight,Medium,masculine,Oblong,long-waves,4.9
img_00399,193.7,180.3,153.5,180.3,155.7,1.07,Short,Curly,Medium,masculine,Round,curtain-bangs,4.6
img_00400,261.5,168.9,147.0,168.9,139.0,1.55,Short,Coily,Medium,no_preference,Oblong,textured-crop,4.5
img_00401,239.2,179.4,155.6,179.4,137.6,1.33,Long,Curly,Medium,feminine,Oval,textured-crop,4.9
img_00402,182.6,160.5,153.9,160.5,147.8,1.14,Medium,Coily,Medium,no_preference,Square,french-bob,4.5
img_00403,262.7,189.7,161.8,189.7,151.6,1.38,Medium,Wavy,Medium,masculine,Oval,wolf-cut,5.0
img_00404,258.4,199.9,196.3,199.9,124.3,1.29,Medium,Wavy,Medium,no_preference,Heart,curtain-bangs,4.7
img_00405,234.6,178.6,181.4,178.6,119.8,1.31,Long,Wavy,Medium,unisex,Heart,long-waves,4.7
img_00406,238.5,174.9,144.4,174.9,130.5,1.36,Short,Coily,Medium,no_preference,Oval,textured-crop,4.6
img_00407,268.2,180.8,154.5,180.8,149.3,1.48,Long,Straight,Medium,unisex,Oblong,buzz-cut,4.7
img_00408,224.1,167.8,172.0,167.8,115.9,1.34,Long,Curly,Medium,unisex,Heart,wolf-cut,4.7
img_00409,250.5,194.1,199.1,194.1,122.4,1.29,Short,Straight,Medium,unisex,Heart,french-bob,4.4
img_00410,194.9,167.4,162.7,167.4,162.7,1.16,Medium,Coily,Medium,unisex,Square,textured-crop,4.6
img_00411,197.5,175.3,157.1,175.3,151.4,1.13,Medium,Wavy,Medium,masculine,Round,curtain-bangs,4.9
img_00412,254.0,173.0,141.0,173.0,141.8,1.47,Short,Curly,Medium,no_preference,Oblong,french-bob,4.1
img_00413,300.5,192.6,165.8,192.6,148.1,1.56,Medium,Straight,Medium,no_preference,Oblong,buzz-cut,4.2
img_00414,236.8,178.6,150.9,178.6,141.7,1.33,Long,Straight,Medium,no_preference,Oval,french-bob,4.7
img_00415,272.1,195.9,164.5,195.9,155.6,1.39,Short,Wavy,Medium,feminine,Oval,long-waves,4.7
img_00416,239.2,183.1,151.2,183.1,146.4,1.31,Long,Straight,Medium,unisex,Oval,curtain-bangs,4.8
img_00417,173.1,160.2,142.6,160.2,132.1,1.08,Short,Straight,Medium,unisex,Round,buzz-cut,4.9
img_00418,291.2,191.3,157.9,191.3,156.0,1.52,Long,Wavy,Medium,feminine,Oblong,french-bob,4.9
img_00419,248.4,190.5,165.8,190.5,148.0,1.3,Long,Curly,Medium,no_preference,Oval,wolf-cut,4.9
img_00420,180.7,175.6,157.1,175.6,150.8,1.03,Medium,Wavy,Medium,masculine,Round,curtain-bangs,4.6
img_00421,220.7,194.7,183.5,194.7,186.4,1.13,Long,Curly,Medium,masculine,Square,curtain-bangs,4.4
img_00422,209.1,186.0,167.4,186.0,157.6,1.12,Long,Coily,Medium,unisex,Round,wolf-cut,4.7
img_00423,187.5,164.4,147.0,164.4,132.2,1.14,Long,Curly,Medium,masculine,Round,textured-crop,4.1
img_00424,226.6,189.9,179.4,189.9,177.0,1.19,Medium,Wavy,Medium,feminine,Square,textured-crop,4.8
img_00425,180.3,160.8,143.5,160.8,137.6,1.12,Medium,Coily,Medium,feminine,Round,french-bob,4.5
img_00426,183.1,176.1,156.7,176.1,144.8,1.04,Medium,Wavy,Medium,unisex,Round,buzz-cut,4.4
img_00427,205.6,161.3,154.6,161.3,106.5,1.28,Long,Coily,Medium,feminine,Heart,french-bob,4.6
img_00428,307.1,199.0,165.2,199.0,165.2,1.54,Long,Straight,Medium,unisex,Oblong,curtain-bangs,4.0
img_00429,206.1,187.6,167.6,187.6,164.2,1.1,Short,Wavy,Medium,feminine,Round,buzz-cut,4.3
img_00430,311.9,199.0,172.8,199.0,167.9,1.57,Long,Wavy,Medium,unisex,Oblong,long-waves,4.1
img_00431,213.7,166.7,159.3,166.7,115.7,1.28,Long,Straight,Medium,no_preference,Heart,curtain-bangs,5.0
img_00432,267.1,198.7,166.3,198.7,156.6,1.34,Medium,Coily,Medium,no_preference,Oval,wolf-cut,4.2
img_00433,244.7,193.1,190.2,193.1,121.7,1.27,Short,Wavy,Medium,feminine,Heart,buzz-cut,4.1
img_00434,214.8,193.2,172.5,193.2,156.9,1.11,Medium,Wavy,Medium,no_preference,Round,french-bob,4.3
img_00435,219.4,170.9,163.8,170.9,110.4,1.28,Long,Wavy,Medium,masculine,Heart,long-waves,4.3
img_00436,198.7,178.3,158.8,178.3,152.2,1.11,Short,Curly,Medium,feminine,Round,wolf-cut,5.0
img_00437,257.2,197.6,168.2,197.6,151.8,1.3,Short,Curly,Medium,no_preference,Oval,buzz-cut,4.7
img_00438,232.3,174.5,172.8,174.5,110.4,1.33,Long,Straight,Medium,no_preference,Heart,french-bob,4.9
img_00439,287.5,198.1,167.4,198.1,160.0,1.45,Medium,Wavy,Medium,unisex,Oblong,french-bob,4.2
img_00440,251.9,189.7,157.0,189.7,150.1,1.33,Short,Wavy,Medium,unisex,Oval,buzz-cut,4.5
img_00441,215.4,196.1,174.6,196.1,165.7,1.1,Medium,Straight,Medium,feminine,Round,french-bob,4.3
img_00442,180.2,174.7,155.3,174.7,151.6,1.03,Long,Straight,Medium,feminine,Round,buzz-cut,4.7
img_00443,230.0,170.1,144.8,170.1,131.9,1.35,Short,Straight,Medium,unisex,Oval,long-waves,4.8
img_00444,218.9,175.1,171.0,175.1,114.7,1.25,Short,Straight,Medium,no_preference,Heart,long-waves,4.2
img_00445,181.1,161.6,150.7,161.6,151.0,1.12,Long,Straight,Medium,unisex,Square,wolf-cut,4.5
img_00446,256.1,188.1,162.8,188.1,145.0,1.36,Medium,Curly,Medium,masculine,Oval,long-waves,4.4
img_00447,170.8,166.8,144.2,166.8,138.0,1.02,Long,Coily,Medium,unisex,Round,textured-crop,4.5
img_00448,220.8,180.1,171.7,180.1,118.0,1.23,Short,Wavy,Medium,unisex,Heart,textured-crop,4.8
img_00449,198.1,178.0,164.3,178.0,171.5,1.11,Medium,Straight,Medium,masculine,Square,curtain-bangs,4.2
img_00450,243.4,184.4,151.8,184.4,142.8,1.32,Long,Straight,Medium,masculine,Oval,long-waves,4.7
img_00451,306.9,193.4,160.4,193.4,151.2,1.59,Short,Coily,Medium,unisex,Oblong,french-bob,4.1
img_00452,226.0,169.4,139.2,169.4,135.1,1.33,Long,Coily,Medium,unisex,Oval,buzz-cut,4.6
img_00453,188.0,167.7,160.5,167.7,160.3,1.12,Medium,Wavy,Medium,masculine,Square,curtain-bangs,4.3
img_00454,248.5,160.4,137.4,160.4,130.3,1.55,Medium,Curly,Medium,feminine,Oblong,buzz-cut,4.3
img_00455,211.9,194.0,190.0,194.0,184.8,1.09,Medium,Coily,Medium,feminine,Square,buzz-cut,4.2
img_00456,216.1,170.9,170.0,170.9,118.2,1.26,Long,Wavy,Medium,no_preference,Heart,french-bob,4.1
img_00457,261.4,190.0,162.4,190.0,150.9,1.38,Short,Curly,Medium,feminine,Oval,curtain-bangs,4.1
img_00458,197.6,168.5,159.2,168.5,159.1,1.17,Long,Wavy,Medium,no_preference,Square,buzz-cut,4.9
img_00459,243.8,177.6,155.7,177.6,137.9,1.37,Short,Coily,Medium,feminine,Oval,wolf-cut,4.7
img_00460,225.3,164.7,144.4,164.7,123.2,1.37,Long,Wavy,Medium,masculine,Oval,wolf-cut,4.6
img_00461,206.8,181.9,159.0,181.9,156.2,1.14,Long,Wavy,Medium,masculine,Round,buzz-cut,4.9
img_00462,204.4,176.4,172.3,176.4,163.2,1.16,Long,Straight,Medium,no_preference,Square,wolf-cut,4.1
img_00463,257.4,178.6,156.9,178.6,137.8,1.44,Short,Curly,Medium,no_preference,Oblong,long-waves,4.7
img_00464,246.0,184.7,179.6,184.7,126.9,1.33,Short,Curly,Medium,no_preference,Heart,wolf-cut,4.2
img_00465,249.9,199.3,208.7,199.3,128.2,1.25,Long,Wavy,Medium,unisex,Heart,buzz-cut,4.0
img_00466,235.9,178.3,152.8,178.3,134.7,1.32,Long,Wavy,Medium,feminine,Oval,long-waves,4.8
img_00467,226.6,163.1,141.5,163.1,122.2,1.39,Short,Straight,Medium,feminine,Oval,long-waves,4.2
img_00468,242.5,174.3,148.9,174.3,130.9,1.39,Short,Curly,Medium,feminine,Oval,wolf-cut,4.4
img_00469,225.8,171.0,140.4,171.0,133.5,1.32,Medium,Straight,Medium,unisex,Oval,textured-crop,4.6
img_00470,252.7,172.5,147.0,172.5,140.0,1.46,Short,Straight,Medium,feminine,Oblong,french-bob,4.1
img_00471,214.0,164.7,171.9,164.7,109.7,1.3,Short,Curly,Medium,unisex,Heart,buzz-cut,4.6
img_00472,217.7,193.3,172.6,193.3,160.5,1.13,Long,Wavy,Medium,masculine,Round,curtain-bangs,4.4
img_00473,274.9,181.3,149.0,181.3,139.9,1.52,Medium,Coily,Medium,no_preference,Oblong,curtain-bangs,4.0
img_00474,219.5,176.8,183.5,176.8,115.9,1.24,Medium,Coily,Medium,no_preference,Heart,curtain-bangs,4.3
img_00475,276.5,193.5,162.0,193.5,152.4,1.43,Short,Straight,Medium,no_preference,Oblong,curtain-bangs,4.1
img_00476,181.4,161.7,142.0,161.7,135.1,1.12,Medium,Straight,Medium,unisex,Round,wolf-cut,4.0
img_00477,175.2,169.5,153.2,169.5,142.4,1.03,Medium,Wavy,Medium,unisex,Round,long-waves,4.5
img_00478,286.0,196.1,170.7,196.1,158.0,1.46,Medium,Curly,Medium,unisex,Oblong,textured-crop,4.7
img_00479,211.3,169.4,175.4,169.4,115.5,1.25,Long,Wavy,Medium,masculine,Heart,buzz-cut,4.4
img_00480,211.9,178.2,174.6,178.2,166.0,1.19,Medium,Straight,Medium,feminine,Square,textured-crop,4.3
img_00481,227.8,167.2,139.4,167.2,126.8,1.36,Long,Wavy,Medium,masculine,Oval,buzz-cut,4.1
img_00482,263.4,191.9,165.3,191.9,145.9,1.37,Long,Straight,Medium,masculine,Oval,french-bob,4.2
img_00483,171.3,163.1,148.1,163.1,142.8,1.05,Long,Curly,Medium,masculine,Round,french-bob,4.9
img_00484,216.4,161.4,156.8,161.4,103.6,1.34,Long,Wavy,Medium,unisex,Heart,wolf-cut,4.7
img_00485,254.8,191.5,157.5,191.5,148.5,1.33,Short,Coily,Medium,unisex,Oval,french-bob,4.5
img_00486,210.3,181.4,175.1,181.4,168.3,1.16,Long,Wavy,Medium,unisex,Square,buzz-cut,4.4
img_00487,213.6,192.2,179.5,192.2,186.3,1.11,Short,Wavy,Medium,no_preference,Square,buzz-cut,4.5
img_00488,272.4,185.1,152.2,185.1,144.9,1.47,Long,Straight,Medium,no_preference,Oblong,buzz-cut,4.8
img_00489,258.5,173.4,146.1,173.4,132.8,1.49,Medium,Straight,Medium,no_preference,Oblong,wolf-cut,4.8
img_00490,239.3,181.9,179.1,181.9,116.6,1.32,Medium,Straight,Medium,feminine,Heart,buzz-cut,4.6
img_00491,208.0,187.9,180.1,187.9,175.8,1.11,Medium,Coily,Medium,no_preference,Square,buzz-cut,4.1
img_00492,196.5,176.5,169.5,176.5,171.1,1.11,Short,Coily,Medium,no_preference,Square,long-waves,4.4
img_00493,240.2,186.3,178.5,186.3,112.4,1.29,Medium,Straight,Medium,feminine,Heart,textured-crop,4.2
img_00494,263.4,199.1,202.3,199.1,131.0,1.32,Short,Curly,Medium,unisex,Heart,wolf-cut,4.8
img_00495,201.1,176.4,165.8,176.4,168.3,1.14,Medium,Curly,Medium,masculine,Square,curtain-bangs,4.3
img_00496,216.7,182.2,167.8,182.2,176.6,1.19,Long,Straight,Medium,masculine,Square,curtain-bangs,5.0
img_00497,256.4,186.1,161.4,186.1,144.4,1.38,Long,Wavy,Medium,unisex,Oval,long-waves,4.7
img_00498,239.4,165.4,144.1,165.4,139.7,1.45,Short,Coily,Medium,feminine,Oblong,buzz-cut,4.0
img_00499,225.8,171.0,166.4,171.0,114.5,1.32,Short,Straight,Medium,no_preference,Heart,textured-crop,4.7
img_00500,271.3,186.0,150.6,186.0,152.6,1.46,Long,Straight,Medium,no_preference,Oblong,long-waves,4.2
img_00501,262.8,197.2,167.2,197.2,146.1,1.33,Short,Wavy,Medium,no_preference,Oval,buzz-cut,4.5
img_00502,193.2,177.1,152.7,177.1,145.8,1.09,Long,Straight,Medium,feminine,Round,long-waves,4.1
img_00503,228.1,183.7,175.0,183.7,116.9,1.24,Medium,Wavy,Medium,masculine,Heart,long-waves,4.1
img_00504,211.0,196.7,169.2,196.7,168.6,1.07,Medium,Wavy,Medium,unisex,Round,wolf-cut,4.9
img_00505,238.4,172.3,147.7,172.3,133.5,1.38,Long,Coily,Medium,masculine,Oval,curtain-bangs,4.1
img_00506,286.1,186.5,158.0,186.5,140.2,1.53,Medium,Coily,Medium,no_preference,Oblong,textured-crop,4.7
img_00507,250.9,173.7,140.3,173.7,144.7,1.44,Long,Coily,Medium,feminine,Oblong,wolf-cut,4.1
img_00508,233.6,185.8,182.1,185.8,128.0,1.26,Short,Curly,Medium,unisex,Heart,textured-crop,4.6
img_00509,301.8,198.3,166.8,198.3,150.4,1.52,Short,Curly,Medium,feminine,Oblong,long-waves,4.6
img_00510,214.8,169.0,168.7,169.0,103.8,1.27,Long,Curly,Medium,unisex,Heart,french-bob,4.4
img_00511,234.1,163.5,142.5,163.5,130.2,1.43,Long,Wavy,Medium,masculine,Oblong,textured-crop,4.4
img_00512,296.7,194.4,166.3,194.4,152.9,1.53,Long,Straight,Medium,unisex,Oblong,buzz-cut,4.7
img_00513,266.4,170.3,142.0,170.3,144.6,1.56,Long,Straight,Medium,unisex,Oblong,wolf-cut,4.7
img_00514,230.4,171.4,146.9,171.4,135.6,1.34,Long,Coily,Medium,no_preference,Oval,long-waves,4.5
img_00515,208.2,179.1,170.6,179.1,165.7,1.16,Long,Coily,Medium,unisex,Square,curtain-bangs,4.6
img_00516,221.7,185.5,171.1,185.5,176.2,1.19,Medium,Wavy,Medium,no_preference,Square,french-bob,4.7
img_00517,259.6,195.9,197.5,195.9,131.9,1.33,Long,Curly,Medium,unisex,Heart,wolf-cut,5.0
img_00518,243.0,188.1,185.4,188.1,130.0,1.29,Medium,Straight,Medium,no_preference,Heart,textured-crop,5.0
img_00519,278.3,188.1,160.6,188.1,148.5,1.48,Short,Curly,Medium,feminine,Oblong,long-waves,4.4
img_00520,223.1,170.0,145.4,170.0,135.7,1.31,Medium,Straight,Medium,feminine,Oval,wolf-cut,4.3
img_00521,204.6,166.6,166.6,166.6,101.8,1.23,Medium,Wavy,Medium,no_preference,Heart,wolf-cut,4.9
img_00522,236.4,176.6,151.8,176.6,135.4,1.34,Medium,Wavy,Medium,no_preference,Oval,textured-crop,4.9
img_00523,260.6,198.2,168.2,198.2,153.8,1.32,Short,Wavy,Medium,feminine,Oval,curtain-bangs,4.3
img_00524,227.7,166.5,136.9,166.5,129.4,1.37,Medium,Wavy,Medium,no_preference,Oval,textured-crop,4.0
img_00525,213.4,194.9,170.4,194.9,168.4,1.1,Medium,Coily,Medium,unisex,Round,curtain-bangs,4.6
img_00526,233.8,175.9,145.7,175.9,131.7,1.33,Long,Curly,Medium,no_preference,Oval,wolf-cut,4.1
img_00527,194.1,178.8,154.5,178.8,147.5,1.09,Medium,Coily,Medium,no_preference,Round,french-bob,4.4
img_00528,195.4,171.1,146.9,171.1,148.8,1.14,Long,Wavy,Medium,masculine,Round,french-bob,4.7
img_00529,209.8,180.7,176.3,180.7,173.5,1.16,Short,Wavy,Medium,masculine,Square,buzz-cut,5.0
img_00530,208.8,173.7,159.9,173.7,162.1,1.2,Long,Wavy,Medium,masculine,Square,long-waves,4.6
img_00531,237.6,164.7,134.2,164.7,131.1,1.44,Medium,Straight,Medium,feminine,Oblong,textured-crop,4.8
img_00532,185.8,177.6,154.3,177.6,149.3,1.05,Medium,Wavy,Medium,no_preference,Round,french-bob,4.5
img_00533,212.7,160.6,140.0,160.6,120.4,1.32,Long,Curly,Medium,masculine,Oval,textured-crop,4.0
img_00534,286.8,184.2,155.1,184.2,142.3,1.56,Long,Wavy,Medium,unisex,Oblong,wolf-cut,4.0
img_00535,185.5,167.4,157.9,167.4,154.5,1.11,Long,Wavy,Medium,masculine,Square,wolf-cut,4.5
img_00536,180.0,165.8,141.7,165.8,133.6,1.09,Long,Coily,Medium,masculine,Round,curtain-bangs,4.9
img_00537,210.3,170.3,177.4,170.3,115.4,1.23,Medium,Straight,Medium,feminine,Heart,textured-crop,4.6
img_00538,235.4,173.2,146.8,173.2,132.9,1.36,Medium,Coily,Medium,masculine,Oval,textured-crop,4.8
img_00539,217.6,166.6,143.6,166.6,130.6,1.31,Short,Wavy,Medium,feminine,Oval,wolf-cut,4.1
img_00540,199.0,163.1,165.8,163.1,108.3,1.22,Long,Coily,Medium,unisex,Heart,textured-crop,4.4
img_00541,224.0,183.2,192.1,183.2,110.7,1.22,Medium,Coily,Medium,feminine,Heart,french-bob,4.5
img_00542,238.0,163.9,141.6,163.9,134.0,1.45,Long,Straight,Medium,feminine,Oblong,buzz-cut,4.1
img_00543,204.4,185.1,168.3,185.1,152.9,1.1,Medium,Wavy,Medium,feminine,Round,french-bob,4.7
img_00544,254.5,185.2,158.7,185.2,137.3,1.37,Long,Wavy,Medium,no_preference,Oval,buzz-cut,4.4
img_00545,201.7,174.9,161.6,174.9,162.8,1.15,Short,Wavy,Medium,unisex,Square,long-waves,4.7
img_00546,281.2,184.7,148.7,184.7,150.2,1.52,Long,Coily,Medium,masculine,Oblong,french-bob,4.0
img_00547,255.9,177.4,147.7,177.4,139.3,1.44,Long,Coily,Medium,unisex,Oblong,curtain-bangs,4.7
img_00548,280.0,183.8,149.4,183.8,146.5,1.52,Long,Curly,Medium,masculine,Oblong,buzz-cut,4.2
img_00549,215.4,193.1,183.1,193.1,178.2,1.12,Long,Wavy,Medium,unisex,Square,textured-crop,4.7
img_00550,263.5,191.8,164.3,191.8,147.6,1.37,Long,Coily,Medium,masculine,Oval,french-bob,4.4
img_00551,247.5,187.8,157.6,187.8,143.6,1.32,Long,Straight,Medium,masculine,Oval,french-bob,4.1
img_00552,222.2,183.4,170.6,183.4,173.9,1.21,Long,Wavy,Medium,no_preference,Square,textured-crop,4.4
img_00553,261.3,170.1,139.9,170.1,136.0,1.54,Medium,Curly,Medium,feminine,Oblong,textured-crop,4.3
img_00554,288.1,192.4,165.5,192.4,161.9,1.5,Short,Wavy,Medium,unisex,Oblong,textured-crop,4.3
img_00555,243.4,191.6,190.4,191.6,126.4,1.27,Short,Wavy,Medium,feminine,Heart,textured-crop,4.1
img_00556,212.5,190.9,170.0,190.9,152.9,1.11,Short,Straight,Medium,unisex,Round,buzz-cut,4.6
img_00557,229.1,172.4,144.1,172.4,131.0,1.33,Short,Coily,Medium,masculine,Oval,wolf-cut,4.6
img_00558,220.1,195.4,166.4,195.4,167.9,1.13,Short,Curly,Medium,masculine,Round,curtain-bangs,4.0
img_00559,215.2,165.5,144.7,165.5,122.7,1.3,Short,Coily,Medium,masculine,Oval,long-waves,4.9
img_00560,253.5,190.4,160.8,190.4,143.3,1.33,Long,Straight,Medium,unisex,Oval,wolf-cut,4.3
img_00561,215.2,195.5,181.6,195.5,183.7,1.1,Long,Straight,Medium,masculine,Square,long-waves,5.0
img_00562,191.6,183.0,162.0,183.0,151.0,1.05,Medium,Curly,Medium,feminine,Round,buzz-cut,4.7
img_00563,190.2,175.9,167.4,175.9,171.6,1.08,Short,Coily,Medium,unisex,Square,textured-crop,4.3
img_00564,214.3,193.8,189.5,193.8,182.7,1.11,Long,Straight,Medium,masculine,Square,french-bob,4.1
img_00565,194.3,172.7,157.4,172.7,142.3,1.13,Short,Curly,Medium,unisex,Round,long-waves,4.8
img_00566,257.3,196.5,171.2,196.5,149.3,1.31,Long,Straight,Medium,feminine,Oval,curtain-bangs,4.5
img_00567,187.6,172.2,160.3,172.2,158.5,1.09,Long,Wavy,Medium,no_preference,Square,wolf-cut,4.7
img_00568,233.4,192.5,180.7,192.5,187.0,1.21,Short,Straight,Medium,masculine,Square,wolf-cut,4.7
img_00569,241.1,185.0,181.4,185.0,126.9,1.3,Short,Curly,Medium,no_preference,Heart,french-bob,4.1
img_00570,263.7,192.8,165.5,192.8,147.3,1.37,Short,Straight,Medium,unisex,Oval,textured-crop,4.5
img_00571,316.4,199.2,174.3,199.2,157.5,1.59,Medium,Curly,Medium,no_preference,Oblong,wolf-cut,4.9
img_00572,226.2,172.2,147.5,172.2,130.6,1.31,Medium,Curly,Medium,unisex,Oval,french-bob,4.3
img_00573,195.5,185.3,160.7,185.3,162.2,1.06,Short,Wavy,Medium,no_preference,Round,wolf-cut,4.1
img_00574,244.8,181.8,179.4,181.8,115.6,1.35,Short,Straight,Medium,feminine,Heart,long-waves,4.4
img_00575,232.6,161.3,134.4,161.3,122.0,1.44,Long,Wavy,Medium,feminine,Oblong,textured-crop,4.5
img_00576,246.6,183.8,155.4,183.8,144.7,1.34,Long,Straight,Medium,no_preference,Oval,long-waves,4.6
img_00577,219.7,165.5,136.2,165.5,131.7,1.33,Long,Wavy,Medium,feminine,Oval,french-bob,4.3
img_00578,247.0,177.4,149.1,177.4,131.9,1.39,Short,Straight,Medium,feminine,Oval,textured-crop,4.1
img_00579,235.6,196.6,189.6,196.6,182.9,1.2,Medium,Curly,Medium,feminine,Square,textured-crop,4.7
img_00580,232.0,169.3,141.9,169.3,127.7,1.37,Long,Curly,Medium,unisex,Oval,textured-crop,4.7
img_00581,264.4,190.0,157.0,190.0,143.2,1.39,Medium,Wavy,Medium,no_preference,Oval,textured-crop,4.4
img_00582,198.8,178.1,159.9,178.1,154.1,1.12,Short,Curly,Medium,feminine,Round,french-bob,4.0
img_00583,185.9,181.4,164.4,181.4,149.8,1.02,Long,Coily,Medium,feminine,Round,french-bob,4.8
img_00584,265.9,199.7,191.6,199.7,133.9,1.33,Medium,Straight,Medium,unisex,Heart,buzz-cut,5.0
img_00585,193.9,160.7,148.5,160.7,157.4,1.21,Medium,Straight,Medium,masculine,Square,curtain-bangs,4.4
img_00586,230.3,171.7,144.6,171.7,136.0,1.34,Medium,Straight,Medium,unisex,Oval,textured-crop,4.5
img_00587,258.8,198.1,166.0,198.1,150.2,1.31,Medium,Curly,Medium,masculine,Oval,french-bob,4.9
img_00588,203.4,185.4,171.3,185.4,180.7,1.1,Short,Straight,Medium,no_preference,Square,wolf-cut,4.5
img_00589,251.3,166.9,143.4,166.9,127.5,1.51,Long,Straight,Medium,feminine,Oblong,long-waves,4.5
img_00590,261.2,193.5,158.8,193.5,152.5,1.35,Long,Coily,Medium,masculine,Oval,buzz-cut,4.3
img_00591,266.8,175.7,142.8,175.7,143.9,1.52,Medium,Wavy,Medium,masculine,Oblong,textured-crop,4.5
img_00592,244.5,185.8,158.5,185.8,138.5,1.32,Medium,Wavy,Medium,masculine,Oval,textured-crop,4.0
img_00593,177.5,168.4,154.6,168.4,144.6,1.05,Short,Curly,Medium,no_preference,Round,curtain-bangs,4.9
img_00594,282.7,180.1,151.4,180.1,146.3,1.57,Medium,Straight,Medium,feminine,Oblong,curtain-bangs,4.6
img_00595,263.5,165.8,144.8,165.8,139.1,1.59,Long,Wavy,Medium,unisex,Oblong,textured-crop,4.3
img_00596,234.8,185.4,178.9,185.4,122.3,1.27,Short,Wavy,Medium,no_preference,Heart,textured-crop,4.4
img_00597,190.2,169.5,162.5,169.5,162.1,1.12,Short,Coily,Medium,unisex,Square,french-bob,4.8
img_00598,225.9,167.7,142.3,167.7,127.9,1.35,Medium,Curly,Medium,masculine,Oval,textured-crop,4.7
img_00599,177.3,172.6,154.1,172.6,141.4,1.03,Medium,Straight,Medium,masculine,Round,french-bob,4.3
img_00600,234.4,169.3,142.8,169.3,127.7,1.38,Short,Coily,Medium,masculine,Oval,textured-crop,4.2
img_00601,206.9,189.7,173.0,189.7,160.1,1.09,Short,Straight,Medium,feminine,Round,long-waves,4.2
img_00602,267.9,184.0,160.3,184.0,140.1,1.46,Medium,Curly,Medium,no_preference,Oblong,curtain-bangs,4.1
img_00603,256.1,170.3,139.3,170.3,140.4,1.5,Medium,Straight,Medium,feminine,Oblong,long-waves,4.3
img_00604,239.8,177.8,149.5,177.8,141.3,1.35,Short,Coily,Medium,masculine,Oval,buzz-cut,4.8
img_00605,212.6,177.3,167.0,177.3,171.6,1.2,Short,Wavy,Medium,unisex,Square,french-bob,4.7
img_00606,284.7,189.8,152.1,189.8,143.5,1.5,Medium,Coily,Medium,masculine,Oblong,buzz-cut,4.6
img_00607,220.6,167.5,168.2,167.5,103.9,1.32,Long,Straight,Medium,feminine,Heart,textured-crop,4.5
img_00608,234.5,198.7,194.2,198.7,187.9,1.18,Medium,Straight,Medium,no_preference,Square,long-waves,4.5
img_00609,285.0,184.7,157.6,184.7,148.0,1.54,Medium,Wavy,Medium,masculine,Oblong,wolf-cut,4.7
img_00610,252.3,189.5,197.8,189.5,123.0,1.33,Medium,Coily,Medium,no_preference,Heart,french-bob,4.6
img_00611,214.7,197.5,174.7,197.5,160.8,1.09,Medium,Coily,Medium,no_preference,Round,curtain-bangs,4.6
img_00612,264.5,175.7,152.6,175.7,137.8,1.51,Long,Straight,Medium,unisex,Oblong,wolf-cut,4.8
img_00613,209.4,187.2,181.5,187.2,180.5,1.12,Short,Straight,Medium,masculine,Square,curtain-bangs,4.2
img_00614,248.5,180.7,157.3,180.7,141.4,1.37,Medium,Coily,Medium,masculine,Oval,curtain-bangs,4.3
img_00615,214.7,197.2,171.2,197.2,158.6,1.09,Medium,Straight,Medium,masculine,Round,curtain-bangs,4.3
img_00616,195.1,179.3,166.8,179.3,172.6,1.09,Short,Wavy,Medium,masculine,Square,buzz-cut,4.6
img_00617,233.7,196.9,188.1,196.9,183.4,1.19,Long,Curly,Medium,unisex,Square,textured-crop,4.6
img_00618,234.1,176.3,146.0,176.3,138.2,1.33,Short,Coily,Medium,no_preference,Oval,buzz-cut,4.1
img_00619,240.0,180.3,184.8,180.3,122.7,1.33,Medium,Wavy,Medium,unisex,Heart,buzz-cut,4.9
img_00620,237.8,173.1,142.3,173.1,133.0,1.37,Medium,Curly,Medium,feminine,Oval,long-waves,4.0
img_00621,217.7,189.6,175.4,189.6,185.5,1.15,Medium,Straight,Medium,masculine,Square,french-bob,4.5
img_00622,231.6,177.2,146.4,177.2,140.0,1.31,Medium,Curly,Medium,feminine,Oval,french-bob,4.8
img_00623,177.9,162.5,139.5,162.5,130.5,1.09,Medium,Curly,Medium,masculine,Round,textured-crop,4.8
img_00624,175.7,164.0,146.5,164.0,142.5,1.07,Short,Wavy,Medium,feminine,Round,french-bob,4.4
img_00625,285.6,195.4,162.6,195.4,166.0,1.46,Medium,Wavy,Medium,feminine,Oblong,buzz-cut,4.5
img_00626,276.7,188.0,159.9,188.0,149.6,1.47,Long,Wavy,Medium,unisex,Oblong,curtain-bangs,4.3
img_00627,219.8,163.8,135.5,163.8,122.9,1.34,Short,Wavy,Medium,feminine,Oval,french-bob,4.2
img_00628,255.4,168.8,136.4,168.8,139.3,1.51,Medium,Curly,Medium,no_preference,Oblong,buzz-cut,4.5
img_00629,264.1,184.1,157.4,184.1,155.3,1.43,Long,Coily,Medium,feminine,Oblong,buzz-cut,4.8
img_00630,264.0,181.5,155.6,181.5,141.0,1.45,Medium,Wavy,Medium,unisex,Oblong,long-waves,4.5
img_00631,235.5,187.1,181.1,187.1,126.4,1.26,Short,Coily,Medium,unisex,Heart,buzz-cut,4.6
img_00632,299.9,199.8,163.9,199.8,158.7,1.5,Long,Coily,Medium,masculine,Oblong,curtain-bangs,4.2
img_00633,313.3,199.4,172.4,199.4,155.9,1.57,Medium,Straight,Medium,no_preference,Oblong,textured-crop,4.1
img_00634,229.4,176.1,178.3,176.1,107.8,1.3,Medium,Wavy,Medium,feminine,Heart,wolf-cut,4.4
img_00635,277.9,187.1,163.7,187.1,145.5,1.49,Short,Curly,Medium,no_preference,Oblong,textured-crop,4.8
img_00636,200.4,168.2,162.2,168.2,155.4,1.19,Long,Wavy,Medium,unisex,Square,long-waves,4.3
img_00637,241.2,196.7,193.6,196.7,126.0,1.23,Medium,Coily,Medium,masculine,Heart,curtain-bangs,4.6
img_00638,266.0,167.2,136.7,167.2,130.9,1.59,Short,Wavy,Medium,no_preference,Oblong,wolf-cut,4.6
img_00639,249.9,169.7,148.3,169.7,131.2,1.47,Medium,Wavy,Medium,masculine,Oblong,long-waves,4.1
img_00640,188.5,162.3,157.9,162.3,150.8,1.16,Short,Wavy,Medium,feminine,Square,french-bob,4.1
img_00641,203.0,176.4,162.4,176.4,169.6,1.15,Long,Wavy,Medium,unisex,Square,curtain-bangs,4.5
img_00642,256.3,188.7,163.8,188.7,149.4,1.36,Medium,Coily,Medium,feminine,Oval,buzz-cut,4.8
img_00643,226.4,163.3,138.6,163.3,121.5,1.39,Long,Straight,Medium,no_preference,Oval,buzz-cut,4.9
img_00644,210.9,193.1,164.8,193.1,169.5,1.09,Short,Straight,Medium,unisex,Round,textured-crop,4.5
img_00645,284.8,186.0,151.4,186.0,149.1,1.53,Long,Straight,Medium,no_preference,Oblong,textured-crop,4.2
img_00646,232.2,175.0,166.4,175.0,113.0,1.33,Short,Straight,Medium,unisex,Heart,wolf-cut,4.5
img_00647,216.2,188.4,160.8,188.4,152.2,1.15,Short,Curly,Medium,feminine,Round,wolf-cut,4.8
img_00648,221.6,160.9,133.2,160.9,123.6,1.38,Short,Coily,Medium,feminine,Oval,curtain-bangs,4.0
img_00649,225.3,182.5,184.5,182.5,119.9,1.23,Long,Straight,Medium,no_preference,Heart,long-waves,4.3
img_00650,261.1,195.8,167.7,195.8,155.7,1.33,Medium,Curly,Medium,no_preference,Oval,buzz-cut,4.5
img_00651,260.7,198.4,169.6,198.4,150.1,1.31,Short,Curly,Medium,no_preference,Oval,textured-crop,5.0
img_00652,218.8,192.8,182.6,192.8,185.8,1.13,Short,Wavy,Medium,masculine,Square,buzz-cut,4.3
img_00653,293.2,194.8,166.9,194.8,153.7,1.51,Short,Straight,Medium,masculine,Oblong,textured-crop,4.0
img_00654,218.9,197.5,175.8,197.5,167.6,1.11,Long,Coily,Medium,masculine,Round,textured-crop,4.0
img_00655,197.6,178.0,160.4,178.0,156.6,1.11,Short,Wavy,Medium,unisex,Round,textured-crop,4.9
img_00656,234.1,162.2,130.5,162.2,135.4,1.44,Short,Straight,Medium,no_preference,Oblong,curtain-bangs,4.1
img_00657,288.7,180.6,153.3,180.6,142.2,1.6,Long,Curly,Medium,unisex,Oblong,textured-crop,4.9
img_00658,207.6,169.6,166.8,169.6,110.5,1.22,Long,Curly,Medium,masculine,Heart,buzz-cut,4.7
img_00659,255.3,169.0,138.7,169.0,126.9,1.51,Medium,Curly,Medium,no_preference,Oblong,french-bob,4.4
img_00660,220.6,188.3,183.1,188.3,176.0,1.17,Medium,Curly,Medium,feminine,Square,long-waves,4.4
img_00661,174.2,165.3,147.2,165.3,141.7,1.05,Long,Curly,Medium,unisex,Round,long-waves,4.2
img_00662,249.3,187.6,184.3,187.6,129.2,1.33,Medium,Curly,Medium,feminine,Heart,french-bob,4.3
img_00663,208.8,169.2,174.7,169.2,103.9,1.23,Long,Straight,Medium,unisex,Heart,buzz-cut,4.9
img_00664,211.3,167.7,175.7,167.7,107.5,1.26,Medium,Curly,Medium,feminine,Heart,buzz-cut,5.0
img_00665,215.0,176.2,182.4,176.2,112.4,1.22,Long,Curly,Medium,feminine,Heart,french-bob,4.5
img_00666,276.4,189.6,164.4,189.6,142.8,1.46,Medium,Straight,Medium,feminine,Oblong,curtain-bangs,4.9
img_00667,169.5,164.8,145.6,164.8,134.7,1.03,Short,Coily,Medium,feminine,Round,buzz-cut,4.1
img_00668,235.1,170.8,147.5,170.8,126.5,1.38,Short,Curly,Medium,masculine,Oval,french-bob,5.0
img_00669,201.9,176.7,165.8,176.7,170.2,1.14,Long,Curly,Medium,no_preference,Square,buzz-cut,4.4
img_00670,305.5,194.3,161.1,194.3,159.1,1.57,Short,Curly,Medium,masculine,Oblong,textured-crop,5.0
img_00671,260.9,176.4,150.9,176.4,145.8,1.48,Long,Curly,Medium,unisex,Oblong,curtain-bangs,4.3
img_00672,226.9,199.4,181.3,199.4,160.3,1.14,Short,Straight,Medium,masculine,Round,buzz-cut,4.5
img_00673,185.8,166.3,147.9,166.3,136.7,1.12,Long,Coily,Medium,masculine,Round,long-waves,4.6
img_00674,280.3,182.8,153.8,182.8,138.0,1.53,Long,Straight,Medium,unisex,Oblong,wolf-cut,4.3
img_00675,225.2,165.0,135.8,165.0,126.5,1.37,Long,Curly,Medium,masculine,Oval,wolf-cut,4.9
img_00676,263.7,172.2,141.9,172.2,144.6,1.53,Short,Curly,Medium,no_preference,Oblong,textured-crop,4.8
img_00677,279.7,190.6,164.8,190.6,147.7,1.47,Medium,Wavy,Medium,feminine,Oblong,wolf-cut,4.9
img_00678,198.6,171.7,159.3,171.7,165.1,1.16,Medium,Curly,Medium,masculine,Square,french-bob,4.6
img_00679,212.4,195.1,172.2,195.1,157.7,1.09,Long,Coily,Medium,masculine,Round,wolf-cut,4.7
img_00680,234.8,163.0,131.1,163.0,126.5,1.44,Medium,Curly,Medium,masculine,Oblong,curtain-bangs,4.4
img_00681,245.0,184.4,188.3,184.4,112.7,1.33,Short,Coily,Medium,masculine,Heart,french-bob,4.6
img_00682,203.2,177.5,171.7,177.5,169.7,1.14,Long,Straight,Medium,feminine,Square,long-waves,4.1
img_00683,270.3,193.5,170.0,193.5,143.9,1.4,Long,Curly,Medium,feminine,Oval,curtain-bangs,4.6
img_00684,202.6,181.6,175.4,181.6,175.2,1.12,Long,Curly,Medium,unisex,Square,long-waves,4.8
img_00685,243.8,183.7,190.3,183.7,118.7,1.33,Medium,Straight,Medium,unisex,Heart,long-waves,4.3
img_00686,222.4,181.0,189.6,181.0,115.1,1.23,Medium,Straight,Medium,feminine,Heart,long-waves,4.7
img_00687,277.3,188.0,151.2,188.0,147.4,1.48,Long,Curly,Medium,no_preference,Oblong,textured-crop,4.0
img_00688,234.7,194.8,184.5,194.8,184.6,1.2,Short,Wavy,Medium,feminine,Square,curtain-bangs,4.8
img_00689,189.8,182.9,167.5,182.9,151.5,1.04,Short,Straight,Medium,unisex,Round,french-bob,4.1
img_00690,200.7,185.2,178.4,185.2,176.1,1.08,Medium,Curly,Medium,feminine,Square,textured-crop,4.5
img_00691,225.1,163.7,139.9,163.7,122.9,1.38,Short,Wavy,Medium,masculine,Oval,french-bob,4.9
img_00692,252.0,193.6,159.3,193.6,149.9,1.3,Medium,Straight,Medium,masculine,Oval,textured-crop,4.3
img_00693,185.3,171.0,164.8,171.0,163.7,1.08,Long,Straight,Medium,masculine,Square,long-waves,4.2
img_00694,224.5,171.4,168.0,171.4,115.8,1.31,Long,Straight,Medium,unisex,Heart,long-waves,4.5
img_00695,226.8,164.2,140.4,164.2,127.6,1.38,Medium,Wavy,Medium,feminine,Oval,long-waves,4.8
img_00696,240.1,186.9,195.3,186.9,117.8,1.28,Short,Straight,Medium,unisex,Heart,textured-crop,4.0
img_00697,265.6,183.2,157.0,183.2,140.6,1.45,Medium,Coily,Medium,no_preference,Oblong,wolf-cut,4.9
img_00698,223.6,160.6,141.1,160.6,121.0,1.39,Long,Straight,Medium,unisex,Oval,french-bob,4.9
img_00699,240.7,174.0,147.9,174.0,138.3,1.38,Short,Curly,Medium,masculine,Oval,long-waves,4.0
img_00700,183.1,171.8,152.8,171.8,140.9,1.07,Long,Coily,Medium,unisex,Round,textured-crop,4.9
img_00701,288.3,197.9,168.0,197.9,152.8,1.46,Medium,Straight,Medium,no_preference,Oblong,buzz-cut,4.5
img_00702,211.0,167.5,160.7,167.5,102.9,1.26,Short,Coily,Medium,feminine,Heart,curtain-bangs,4.8
img_00703,193.3,165.2,154.0,165.2,153.0,1.17,Short,Wavy,Medium,feminine,Square,textured-crop,4.4
img_00704,207.4,187.1,167.3,187.1,153.7,1.11,Medium,Wavy,Medium,masculine,Round,textured-crop,4.9
img_00705,235.6,193.3,179.7,193.3,185.9,1.22,Medium,Wavy,Medium,unisex,Square,textured-crop,5.0
img_00706,190.8,169.7,145.6,169.7,146.4,1.12,Short,Wavy,Medium,no_preference,Round,buzz-cut,4.6
img_00707,227.4,172.4,179.9,172.4,119.7,1.32,Short,Straight,Medium,masculine,Heart,long-waves,4.7
img_00708,248.3,179.0,149.7,179.0,132.5,1.39,Medium,Wavy,Medium,masculine,Oval,french-bob,4.7
img_00709,276.0,187.2,156.6,187.2,142.2,1.47,Long,Coily,Medium,unisex,Oblong,french-bob,5.0
img_00710,190.1,183.8,156.5,183.8,160.5,1.03,Long,Coily,Medium,feminine,Round,textured-crop,4.8
img_00711,262.6,170.6,149.7,170.6,143.6,1.54,Medium,Coily,Medium,masculine,Oblong,french-bob,5.0
img_00712,287.8,198.6,163.6,198.6,150.9,1.45,Short,Curly,Medium,feminine,Oblong,textured-crop,4.3
img_00713,242.8,173.7,149.0,173.7,132.9,1.4,Short,Curly,Medium,no_preference,Oval,curtain-bangs,4.8
img_00714,211.3,160.7,138.2,160.7,126.0,1.31,Long,Wavy,Medium,no_preference,Oval,long-waves,4.3
img_00715,275.2,177.8,152.7,177.8,136.5,1.55,Short,Wavy,Medium,masculine,Oblong,french-bob,4.1
img_00716,229.1,199.8,193.6,199.8,189.0,1.15,Long,Coily,Medium,feminine,Square,textured-crop,4.9
img_00717,249.9,188.6,165.0,188.6,141.3,1.32,Medium,Coily,Medium,feminine,Oval,wolf-cut,4.2
img_00718,181.2,173.8,155.3,173.8,151.3,1.04,Long,Straight,Medium,unisex,Round,buzz-cut,4.7
img_00719,209.2,176.3,163.7,176.3,162.3,1.19,Medium,Curly,Medium,feminine,Square,curtain-bangs,4.5
img_00720,212.3,190.0,163.5,190.0,165.4,1.12,Short,Curly,Medium,no_preference,Round,long-waves,4.2
img_00721,254.4,177.6,150.3,177.6,143.8,1.43,Long,Straight,Medium,no_preference,Oblong,textured-crop,4.5
img_00722,237.0,179.5,154.0,179.5,136.7,1.32,Long,Straight,Medium,feminine,Oval,textured-crop,4.1
img_00723,221.1,196.7,173.4,196.7,168.6,1.12,Long,Straight,Medium,no_preference,Round,buzz-cut,4.2
img_00724,266.9,170.0,142.3,170.0,135.8,1.57,Long,Wavy,Medium,feminine,Oblong,curtain-bangs,4.1
img_00725,212.9,197.2,170.1,197.2,162.5,1.08,Short,Curly,Medium,no_preference,Round,long-waves,4.9
img_00726,202.4,188.4,167.0,188.4,152.0,1.07,Long,Wavy,Medium,unisex,Round,textured-crop,4.7
img_00727,207.1,198.6,177.8,198.6,162.8,1.04,Medium,Coily,Medium,masculine,Round,textured-crop,4.7
img_00728,280.7,195.7,161.7,195.7,151.6,1.43,Long,Wavy,Medium,no_preference,Oblong,curtain-bangs,4.7
img_00729,249.4,169.6,141.2,169.6,131.1,1.47,Long,Coily,Medium,feminine,Oblong,textured-crop,5.0
img_00730,187.6,173.5,166.7,173.5,168.3,1.08,Medium,Straight,Medium,unisex,Square,long-waves,4.8
img_00731,211.6,161.3,138.4,161.3,128.0,1.31,Medium,Curly,Medium,masculine,Oval,textured-crop,4.1
img_00732,225.0,197.9,191.2,197.9,187.8,1.14,Short,Straight,Medium,unisex,Square,curtain-bangs,4.1
img_00733,223.6,168.6,163.9,168.6,110.3,1.33,Long,Wavy,Medium,masculine,Heart,textured-crop,4.9
img_00734,234.4,162.0,136.6,162.0,130.8,1.45,Medium,Wavy,Medium,masculine,Oblong,curtain-bangs,5.0
img_00735,179.3,165.7,158.1,165.7,161.7,1.08,Long,Straight,Medium,masculine,Square,long-waves,4.0
img_00736,303.7,196.1,169.7,196.1,160.2,1.55,Short,Wavy,Medium,masculine,Oblong,long-waves,4.5
img_00737,260.9,192.8,168.0,192.8,145.1,1.35,Short,Straight,Medium,unisex,Oval,curtain-bangs,4.5
img_00738,269.2,183.4,147.2,183.4,139.7,1.47,Short,Coily,Medium,unisex,Oblong,wolf-cut,4.5
img_00739,223.9,165.3,141.0,165.3,123.2,1.35,Short,Straight,Medium,feminine,Oval,textured-crop,4.1
img_00740,216.9,165.2,158.6,165.2,109.4,1.31,Long,Coily,Medium,feminine,Heart,buzz-cut,4.1
img_00741,262.4,169.4,147.4,169.4,129.2,1.55,Long,Coily,Medium,feminine,Oblong,wolf-cut,4.1
img_00742,196.1,166.4,160.7,166.4,154.2,1.18,Short,Straight,Medium,masculine,Square,wolf-cut,4.9
img_00743,233.1,174.5,148.6,174.5,135.2,1.34,Short,Curly,Medium,no_preference,Oval,wolf-cut,4.8
img_00744,259.1,193.3,162.4,193.3,148.7,1.34,Short,Curly,Medium,unisex,Oval,french-bob,4.8
img_00745,275.3,181.1,159.1,181.1,149.8,1.52,Long,Curly,Medium,no_preference,Oblong,long-waves,4.2
img_00746,215.0,161.4,137.6,161.4,124.8,1.33,Long,Straight,Medium,masculine,Oval,long-waves,4.3
img_00747,225.9,167.4,140.0,167.4,131.2,1.35,Short,Coily,Medium,masculine,Oval,wolf-cut,4.2
img_00748,241.5,191.0,192.3,191.0,118.5,1.26,Medium,Curly,Medium,unisex,Heart,wolf-cut,4.9
img_00749,207.8,195.0,175.6,195.0,161.0,1.07,Long,Straight,Medium,feminine,Round,textured-crop,4.5
img_00750,203.4,163.3,170.5,163.3,113.9,1.25,Short,Curly,Medium,no_preference,Heart,buzz-cut,4.5
img_00751,213.1,196.6,173.3,196.6,157.9,1.08,Medium,Wavy,Medium,feminine,Round,curtain-bangs,4.2
img_00752,216.2,160.2,165.0,160.2,108.7,1.35,Medium,Curly,Medium,unisex,Heart,buzz-cut,4.6
img_00753,207.6,175.0,166.7,175.0,161.8,1.19,Medium,Coily,Medium,unisex,Square,buzz-cut,4.4
img_00754,185.9,164.5,145.9,164.5,137.8,1.13,Medium,Curly,Medium,no_preference,Round,wolf-cut,4.1
img_00755,181.2,166.7,147.4,166.7,141.7,1.09,Long,Curly,Medium,unisex,Round,buzz-cut,4.5
img_00756,285.6,189.0,161.5,189.0,145.6,1.51,Medium,Curly,Medium,unisex,Oblong,curtain-bangs,4.7
img_00757,245.0,166.2,136.3,166.2,130.8,1.47,Medium,Coily,Medium,masculine,Oblong,textured-crop,5.0
img_00758,274.2,186.0,155.6,186.0,144.7,1.47,Short,Curly,Medium,unisex,Oblong,long-waves,4.9
img_00759,226.6,195.3,183.6,195.3,188.1,1.16,Short,Straight,Medium,no_preference,Square,french-bob,5.0
img_00760,207.3,169.6,167.3,169.6,103.3,1.22,Long,Wavy,Medium,no_preference,Heart,wolf-cut,4.1
img_00761,204.1,200.0,178.9,200.0,162.3,1.02,Medium,Coily,Medium,no_preference,Round,textured-crop,5.0
img_00762,213.9,160.1,160.4,160.1,100.2,1.34,Short,Wavy,Medium,no_preference,Heart,curtain-bangs,4.3
img_00763,212.4,191.6,174.7,191.6,163.9,1.11,Long,Coily,Medium,masculine,Round,textured-crop,4.8
img_00764,186.6,166.1,149.4,166.1,135.4,1.12,Medium,Curly,Medium,no_preference,Round,french-bob,4.2
img_00765,206.1,162.8,162.9,162.8,105.7,1.27,Short,Curly,Medium,no_preference,Heart,long-waves,5.0
img_00766,217.6,185.8,180.6,185.8,180.9,1.17,Short,Curly,Medium,feminine,Square,long-waves,4.5
img_00767,193.3,180.0,155.1,180.0,146.7,1.07,Short,Coily,Medium,feminine,Round,buzz-cut,4.6
img_00768,182.6,160.7,153.2,160.7,153.8,1.14,Short,Curly,Medium,unisex,Square,french-bob,4.2
img_00769,194.6,178.9,154.5,178.9,149.7,1.09,Medium,Coily,Medium,feminine,Round,french-bob,4.1
img_00770,234.8,185.5,193.5,185.5,112.5,1.27,Short,Wavy,Medium,feminine,Heart,buzz-cut,4.7
img_00771,282.7,184.9,160.5,184.9,148.7,1.53,Short,Curly,Medium,no_preference,Oblong,curtain-bangs,4.1
img_00772,217.8,168.3,174.5,168.3,108.3,1.29,Short,Wavy,Medium,feminine,Heart,textured-crop,4.1
img_00773,234.4,198.6,194.5,198.6,191.0,1.18,Long,Coily,Medium,feminine,Square,french-bob,4.7
img_00774,203.7,188.1,180.2,188.1,174.9,1.08,Medium,Straight,Medium,unisex,Square,buzz-cut,4.4
img_00775,259.0,193.9,193.6,193.9,130.5,1.34,Short,Straight,Medium,masculine,Heart,buzz-cut,4.2
img_00776,281.3,183.1,146.9,183.1,148.6,1.54,Short,Straight,Medium,masculine,Oblong,buzz-cut,4.4
img_00777,198.1,186.7,167.7,186.7,162.4,1.06,Short,Straight,Medium,masculine,Round,curtain-bangs,4.4
img_00778,225.7,180.3,184.8,180.3,111.2,1.25,Medium,Coily,Medium,masculine,Heart,french-bob,4.7
img_00779,217.6,185.8,180.1,185.8,175.6,1.17,Long,Wavy,Medium,masculine,Square,curtain-bangs,4.7
img_00780,192.3,188.4,167.0,188.4,151.3,1.02,Long,Curly,Medium,feminine,Round,french-bob,5.0
img_00781,248.7,178.3,153.4,178.3,132.7,1.39,Short,Wavy,Medium,masculine,Oval,wolf-cut,4.3
img_00782,216.3,174.3,174.3,174.3,119.0,1.24,Short,Straight,Medium,unisex,Heart,french-bob,4.2
img_00783,287.7,188.7,165.3,188.7,142.6,1.52,Medium,Straight,Medium,masculine,Oblong,buzz-cut,4.7
img_00784,194.4,169.9,162.7,169.9,162.0,1.14,Short,Curly,Medium,masculine,Square,long-waves,4.4
img_00785,257.8,189.1,156.6,189.1,145.0,1.36,Medium,Wavy,Medium,unisex,Oval,buzz-cut,4.9
img_00786,251.0,182.0,155.6,182.0,145.1,1.38,Long,Coily,Medium,no_preference,Oval,french-bob,4.4
img_00787,282.3,197.6,163.7,197.6,165.1,1.43,Short,Curly,Medium,masculine,Oblong,long-waves,4.9
img_00788,261.3,189.4,158.4,189.4,150.2,1.38,Long,Wavy,Medium,feminine,Oval,french-bob,4.1
img_00789,308.3,197.9,162.6,197.9,160.1,1.56,Medium,Curly,Medium,unisex,Oblong,long-waves,4.9
img_00790,212.0,163.0,165.7,163.0,104.0,1.3,Medium,Curly,Medium,masculine,Heart,french-bob,4.3
img_00791,206.3,186.3,173.0,186.3,182.5,1.11,Medium,Coily,Medium,masculine,Square,curtain-bangs,4.6
img_00792,167.2,162.0,138.1,162.0,136.1,1.03,Long,Wavy,Medium,masculine,Round,wolf-cut,4.4
img_00793,218.1,173.9,177.1,173.9,120.8,1.25,Medium,Curly,Medium,no_preference,Heart,long-waves,4.9
img_00794,197.1,162.8,157.3,162.8,156.2,1.21,Medium,Curly,Medium,feminine,Square,french-bob,5.0
img_00795,209.3,190.2,168.8,190.2,163.5,1.1,Long,Curly,Medium,feminine,Round,wolf-cut,4.6
img_00796,217.9,198.8,186.1,198.8,188.8,1.1,Long,Curly,Medium,no_preference,Square,textured-crop,4.3
img_00797,256.9,172.0,140.6,172.0,145.6,1.49,Short,Coily,Medium,no_preference,Oblong,textured-crop,4.1
img_00798,200.0,191.2,163.6,191.2,160.2,1.05,Long,Straight,Medium,no_preference,Round,curtain-bangs,4.8
img_00799,229.1,182.4,179.6,182.4,126.3,1.26,Short,Coily,Medium,feminine,Heart,curtain-bangs,4.5
img_00800,276.8,189.9,160.1,189.9,156.4,1.46,Long,Straight,Medium,feminine,Oblong,wolf-cut,4.2
img_00801,304.5,196.3,168.6,196.3,148.8,1.55,Short,Straight,Medium,feminine,Oblong,textured-crop,4.9
img_00802,267.8,168.8,146.8,168.8,135.0,1.59,Long,Curly,Medium,feminine,Oblong,curtain-bangs,4.6
img_00803,243.2,182.4,155.2,182.4,145.7,1.33,Short,Curly,Medium,masculine,Oval,curtain-bangs,4.2
img_00804,189.0,177.7,157.5,177.7,150.5,1.06,Long,Wavy,Medium,masculine,Round,french-bob,4.3
img_00805,223.0,162.1,142.2,162.1,122.3,1.38,Medium,Straight,Medium,masculine,Oval,long-waves,4.6
img_00806,262.7,167.6,135.6,167.6,136.7,1.57,Long,Straight,Medium,feminine,Oblong,buzz-cut,4.5
img_00807,249.8,185.5,191.5,185.5,112.4,1.35,Short,Coily,Medium,no_preference,Heart,curtain-bangs,4.9
img_00808,272.6,196.5,167.0,196.5,150.6,1.39,Short,Curly,Medium,masculine,Oval,textured-crop,4.3
img_00809,287.8,191.6,157.9,191.6,151.1,1.5,Long,Straight,Medium,feminine,Oblong,curtain-bangs,4.3
img_00810,227.9,170.1,171.5,170.1,111.1,1.34,Short,Curly,Medium,no_preference,Heart,curtain-bangs,4.5
img_00811,170.7,164.7,146.2,164.7,144.1,1.04,Long,Curly,Medium,unisex,Round,curtain-bangs,4.8
img_00812,250.1,162.3,136.7,162.3,132.5,1.54,Short,Straight,Medium,unisex,Oblong,long-waves,4.2
img_00813,290.3,186.1,160.3,186.1,157.7,1.56,Medium,Coily,Medium,feminine,Oblong,curtain-bangs,4.3
img_00814,201.8,188.0,161.6,188.0,160.4,1.07,Medium,Straight,Medium,feminine,Round,textured-crop,4.9
img_00815,245.3,163.4,140.6,163.4,135.5,1.5,Long,Wavy,Medium,unisex,Oblong,curtain-bangs,4.4
img_00816,235.2,189.0,196.4,189.0,121.5,1.24,Long,Wavy,Medium,feminine,Heart,buzz-cut,4.4
img_00817,182.2,169.6,147.1,169.6,140.0,1.07,Medium,Straight,Medium,unisex,Round,textured-crop,4.6
img_00818,257.5,192.3,166.9,192.3,145.9,1.34,Long,Coily,Medium,feminine,Oval,buzz-cut,4.2
img_00819,257.8,185.9,152.9,185.9,146.8,1.39,Long,Straight,Medium,no_preference,Oval,wolf-cut,4.3
img_00820,170.5,161.7,147.4,161.7,139.1,1.05,Long,Curly,Medium,masculine,Round,wolf-cut,4.5
img_00821,189.8,174.1,148.8,174.1,150.3,1.09,Medium,Coily,Medium,unisex,Round,long-waves,4.8
img_00822,209.7,189.6,165.9,189.6,164.0,1.11,Medium,Straight,Medium,feminine,Round,buzz-cut,4.2
img_00823,218.1,194.1,168.6,194.1,159.0,1.12,Short,Coily,Medium,masculine,Round,textured-crop,4.4
img_00824,218.3,192.9,169.6,192.9,155.7,1.13,Medium,Curly,Medium,unisex,Round,wolf-cut,4.6
img_00825,195.0,163.0,154.2,163.0,155.8,1.2,Medium,Wavy,Medium,feminine,Square,wolf-cut,4.5
img_00826,207.6,192.3,166.5,192.3,168.2,1.08,Short,Coily,Medium,masculine,Round,textured-crop,4.2
img_00827,269.4,169.5,137.9,169.5,129.1,1.59,Long,Straight,Medium,unisex,Oblong,wolf-cut,4.7
img_00828,192.7,187.2,172.1,187.2,155.8,1.03,Short,Wavy,Medium,feminine,Round,textured-crop,4.6
img_00829,236.5,178.0,179.3,178.0,124.6,1.33,Short,Straight,Medium,masculine,Heart,curtain-bangs,4.6
img_00830,267.9,171.4,149.5,171.4,145.3,1.56,Short,Curly,Medium,no_preference,Oblong,long-waves,4.3
img_00831,298.9,194.8,158.4,194.8,154.5,1.53,Medium,Wavy,Medium,masculine,Oblong,wolf-cut,4.3
img_00832,172.9,162.2,143.3,162.2,136.3,1.07,Short,Coily,Medium,feminine,Round,textured-crop,4.9
img_00833,251.7,182.0,152.6,182.0,139.0,1.38,Short,Straight,Medium,no_preference,Oval,textured-crop,4.3
img_00834,248.3,163.9,131.9,163.9,124.8,1.51,Medium,Coily,Medium,unisex,Oblong,wolf-cut,4.4
img_00835,254.5,189.6,159.3,189.6,143.9,1.34,Short,Wavy,Medium,feminine,Oval,textured-crop,4.7
img_00836,235.4,180.3,153.7,180.3,143.6,1.31,Long,Straight,Medium,feminine,Oval,buzz-cut,4.5
img_00837,226.0,190.8,178.2,190.8,176.2,1.18,Medium,Coily,Medium,no_preference,Square,textured-crop,4.4
img_00838,177.7,163.6,149.5,163.6,142.7,1.09,Medium,Curly,Medium,unisex,Round,french-bob,4.6
img_00839,261.7,171.6,145.4,171.6,141.0,1.53,Medium,Wavy,Medium,feminine,Oblong,textured-crop,4.3
img_00840,187.2,172.4,151.4,172.4,149.7,1.09,Long,Coily,Medium,unisex,Round,textured-crop,4.7
img_00841,181.0,160.8,154.0,160.8,150.6,1.13,Long,Coily,Medium,unisex,Square,long-waves,4.2
img_00842,259.3,198.3,168.9,198.3,150.4,1.31,Short,Straight,Medium,feminine,Oval,long-waves,4.6
img_00843,217.6,170.6,174.5,170.6,108.1,1.28,Medium,Coily,Medium,unisex,Heart,textured-crop,4.5
img_00844,191.1,170.6,147.5,170.6,140.9,1.12,Long,Wavy,Medium,feminine,Round,curtain-bangs,4.9
img_00845,216.1,174.3,174.5,174.3,112.6,1.24,Long,Straight,Medium,feminine,Heart,buzz-cut,4.4
img_00846,185.5,179.3,153.9,179.3,155.0,1.03,Medium,Wavy,Medium,masculine,Round,wolf-cut,4.2
img_00847,244.3,185.2,190.1,185.2,117.7,1.32,Short,Wavy,Medium,unisex,Heart,textured-crop,4.5
img_00848,232.9,162.8,142.3,162.8,132.6,1.43,Medium,Curly,Medium,no_preference,Oblong,buzz-cut,4.9
img_00849,241.8,194.6,201.5,194.6,133.9,1.24,Long,Straight,Medium,masculine,Heart,textured-crop,4.4
img_00850,256.3,187.9,157.7,187.9,140.1,1.36,Medium,Curly,Medium,no_preference,Oval,curtain-bangs,4.4
img_00851,269.0,172.7,145.0,172.7,134.9,1.56,Medium,Straight,Medium,masculine,Oblong,french-bob,4.7
img_00852,204.9,162.9,169.1,162.9,100.1,1.26,Medium,Curly,Medium,unisex,Heart,long-waves,4.2
img_00853,192.3,177.9,172.4,177.9,167.5,1.08,Long,Straight,Medium,masculine,Square,french-bob,5.0
img_00854,210.0,172.8,168.6,172.8,168.0,1.22,Medium,Curly,Medium,feminine,Square,french-bob,4.4
img_00855,211.1,163.0,165.4,163.0,111.7,1.3,Long,Straight,Medium,unisex,Heart,french-bob,4.8
img_00856,252.5,186.9,161.3,186.9,142.3,1.35,Short,Wavy,Medium,masculine,Oval,wolf-cut,4.4
img_00857,256.9,192.2,167.5,192.2,151.5,1.34,Short,Wavy,Medium,unisex,Oval,french-bob,4.2
img_00858,239.4,183.2,190.7,183.2,116.2,1.31,Long,Straight,Medium,unisex,Heart,textured-crop,4.2
img_00859,239.2,174.7,147.4,174.7,132.9,1.37,Long,Straight,Medium,unisex,Oval,buzz-cut,4.7
img_00860,266.1,170.0,139.8,170.0,130.8,1.57,Long,Curly,Medium,masculine,Oblong,textured-crop,4.9
img_00861,206.4,174.3,166.1,174.3,168.9,1.18,Long,Curly,Medium,masculine,Square,wolf-cut,4.6
img_00862,253.0,163.1,138.5,163.1,122.3,1.55,Long,Coily,Medium,masculine,Oblong,long-waves,4.3
img_00863,247.0,178.2,155.9,178.2,142.5,1.39,Short,Curly,Medium,no_preference,Oval,textured-crop,4.8
img_00864,234.6,180.2,157.9,180.2,134.2,1.3,Long,Coily,Medium,no_preference,Oval,textured-crop,4.8
img_00865,249.1,179.5,152.9,179.5,142.8,1.39,Long,Straight,Medium,feminine,Oval,french-bob,4.1
img_00866,241.6,178.2,150.4,178.2,136.8,1.36,Long,Wavy,Medium,unisex,Oval,buzz-cut,4.4
img_00867,252.5,165.2,132.6,165.2,132.2,1.53,Long,Wavy,Medium,unisex,Oblong,textured-crop,4.0
img_00868,248.4,198.9,205.0,198.9,120.5,1.25,Long,Coily,Medium,masculine,Heart,textured-crop,4.6
img_00869,227.5,177.3,179.9,177.3,106.7,1.28,Long,Curly,Medium,feminine,Heart,long-waves,4.1
img_00870,236.3,179.3,178.4,179.3,108.3,1.32,Medium,Curly,Medium,masculine,Heart,french-bob,4.8
img_00871,264.7,198.7,174.8,198.7,158.9,1.33,Medium,Coily,Medium,unisex,Oval,long-waves,4.7
img_00872,209.7,195.3,175.8,195.3,170.6,1.07,Medium,Curly,Medium,unisex,Round,wolf-cut,4.5
img_00873,236.1,192.2,195.9,192.2,126.3,1.23,Long,Straight,Medium,masculine,Heart,buzz-cut,4.8
img_00874,202.4,176.4,163.0,176.4,165.2,1.15,Medium,Wavy,Medium,unisex,Square,long-waves,4.3
img_00875,198.3,182.2,164.6,182.2,145.8,1.09,Long,Straight,Medium,masculine,Round,textured-crop,5.0
img_00876,230.2,165.1,136.7,165.1,129.8,1.39,Medium,Coily,Medium,masculine,Oval,curtain-bangs,4.6
img_00877,240.6,163.1,139.0,163.1,126.2,1.48,Short,Wavy,Medium,feminine,Oblong,french-bob,4.5
img_00878,225.7,171.5,164.1,171.5,117.7,1.32,Short,Curly,Medium,unisex,Heart,textured-crop,4.6
img_00879,292.1,194.4,159.6,194.4,150.5,1.5,Short,Curly,Medium,no_preference,Oblong,curtain-bangs,4.4
img_00880,190.7,174.3,170.4,174.3,167.1,1.09,Medium,Coily,Medium,no_preference,Square,long-waves,4.3
img_00881,233.1,176.4,181.2,176.4,109.9,1.32,Long,Curly,Medium,unisex,Heart,long-waves,4.4
img_00882,236.8,170.2,140.7,170.2,133.7,1.39,Short,Straight,Medium,no_preference,Oval,curtain-bangs,4.5
img_00883,227.5,169.0,141.3,169.0,132.5,1.35,Long,Wavy,Medium,unisex,Oval,long-waves,4.1
img_00884,260.2,197.4,164.8,197.4,150.9,1.32,Long,Coily,Medium,feminine,Oval,long-waves,4.2
img_00885,260.9,180.4,153.1,180.4,145.5,1.45,Short,Straight,Medium,no_preference,Oblong,curtain-bangs,4.5
img_00886,243.7,165.3,144.0,165.3,140.0,1.47,Short,Wavy,Medium,no_preference,Oblong,textured-crop,4.9
img_00887,187.8,182.5,164.9,182.5,150.1,1.03,Long,Curly,Medium,no_preference,Round,buzz-cut,4.1
img_00888,217.9,190.1,172.0,190.1,152.5,1.15,Medium,Coily,Medium,unisex,Round,wolf-cut,4.0
img_00889,207.0,179.2,166.7,179.2,168.3,1.15,Short,Straight,Medium,unisex,Square,long-waves,4.9
img_00890,200.0,172.8,159.5,172.8,159.5,1.16,Short,Straight,Medium,masculine,Square,curtain-bangs,4.3
img_00891,242.8,186.8,162.2,186.8,139.1,1.3,Long,Curly,Medium,feminine,Oval,buzz-cut,4.5
img_00892,197.9,172.8,154.7,172.8,138.6,1.15,Medium,Wavy,Medium,masculine,Round,french-bob,4.4
img_00893,291.0,190.3,161.0,190.3,143.8,1.53,Long,Coily,Medium,masculine,Oblong,wolf-cut,4.2
img_00894,241.5,181.8,159.4,181.8,143.7,1.33,Short,Coily,Medium,no_preference,Oval,french-bob,4.1
img_00895,252.3,185.7,162.3,185.7,144.7,1.36,Long,Straight,Medium,feminine,Oval,long-waves,4.8
img_00896,235.2,177.2,154.8,177.2,131.6,1.33,Medium,Curly,Medium,unisex,Oval,textured-crop,4.5
img_00897,225.2,161.2,137.3,161.2,122.3,1.4,Long,Coily,Medium,feminine,Oval,wolf-cut,5.0
img_00898,203.2,177.7,154.1,177.7,149.7,1.14,Short,Coily,Medium,masculine,Round,french-bob,4.8
img_00899,195.9,186.5,159.8,186.5,157.8,1.05,Short,Curly,Medium,masculine,Round,curtain-bangs,4.5
img_00900,242.0,169.4,139.1,169.4,138.1,1.43,Long,Curly,Medium,no_preference,Oblong,buzz-cut,4.4
img_00901,239.5,180.5,152.9,180.5,138.7,1.33,Long,Coily,Medium,unisex,Oval,curtain-bangs,4.3
img_00902,211.3,160.5,141.1,160.5,119.5,1.32,Long,Wavy,Medium,masculine,Oval,wolf-cut,4.7
img_00903,178.7,169.4,151.7,169.4,140.8,1.06,Medium,Straight,Medium,no_preference,Round,french-bob,4.2
img_00904,241.6,183.2,160.1,183.2,143.0,1.32,Long,Wavy,Medium,feminine,Oval,wolf-cut,4.1
img_00905,194.6,174.5,167.7,174.5,167.7,1.12,Medium,Coily,Medium,feminine,Square,long-waves,4.8
img_00906,199.2,187.5,160.6,187.5,164.6,1.06,Short,Wavy,Medium,no_preference,Round,wolf-cut,4.2
img_00907,251.3,189.6,182.5,189.6,114.1,1.33,Long,Straight,Medium,masculine,Heart,long-waves,4.6
img_00908,232.8,182.9,180.4,182.9,113.7,1.27,Long,Wavy,Medium,no_preference,Heart,textured-crop,4.6
img_00909,189.1,177.4,157.2,177.4,146.2,1.07,Medium,Curly,Medium,no_preference,Round,curtain-bangs,4.2
img_00910,214.1,164.6,163.7,164.6,101.9,1.3,Short,Coily,Medium,unisex,Heart,wolf-cut,4.4
img_00911,247.2,189.4,165.4,189.4,148.1,1.31,Short,Curly,Medium,no_preference,Oval,wolf-cut,4.4
img_00912,194.0,160.9,150.1,160.9,150.2,1.21,Short,Coily,Medium,masculine,Square,wolf-cut,4.6
img_00913,234.6,178.0,186.1,178.0,120.6,1.32,Long,Straight,Medium,masculine,Heart,buzz-cut,4.7
img_00914,202.2,167.8,159.0,167.8,161.2,1.2,Long,Straight,Medium,masculine,Square,buzz-cut,5.0
img_00915,211.8,169.0,168.7,169.0,107.6,1.25,Short,Curly,Medium,feminine,Heart,buzz-cut,4.4
img_00916,305.8,194.7,168.8,194.7,159.7,1.57,Short,Straight,Medium,masculine,Oblong,french-bob,4.3
img_00917,251.1,183.3,159.7,183.3,137.2,1.37,Short,Curly,Medium,masculine,Oval,curtain-bangs,4.1
img_00918,211.4,165.5,165.5,165.5,106.0,1.28,Short,Wavy,Medium,masculine,Heart,wolf-cut,5.0
img_00919,276.8,192.3,160.0,192.3,150.7,1.44,Medium,Coily,Medium,feminine,Oblong,wolf-cut,4.1
img_00920,309.8,194.7,162.1,194.7,155.9,1.59,Short,Straight,Medium,masculine,Oblong,wolf-cut,4.8
img_00921,212.5,197.9,172.7,197.9,167.9,1.07,Short,Coily,Medium,no_preference,Round,wolf-cut,4.5
img_00922,207.7,184.4,160.4,184.4,151.0,1.13,Medium,Straight,Medium,unisex,Round,buzz-cut,4.4
img_00923,260.1,186.3,163.2,186.3,146.7,1.4,Medium,Straight,Medium,feminine,Oval,textured-crop,4.6
img_00924,240.6,164.8,138.4,164.8,137.4,1.46,Short,Curly,Medium,no_preference,Oblong,buzz-cut,4.8
img_00925,255.6,175.7,141.5,175.7,142.2,1.45,Medium,Straight,Medium,feminine,Oblong,wolf-cut,4.0
img_00926,227.6,169.5,171.3,169.5,103.5,1.34,Medium,Wavy,Medium,no_preference,Heart,buzz-cut,4.9
img_00927,249.1,185.2,154.0,185.2,142.7,1.34,Medium,Coily,Medium,feminine,Oval,french-bob,4.7
img_00928,230.0,171.7,144.3,171.7,135.6,1.34,Short,Wavy,Medium,no_preference,Oval,french-bob,4.1
img_00929,225.2,181.7,186.2,181.7,109.2,1.24,Medium,Coily,Medium,unisex,Heart,buzz-cut,4.7
img_00930,221.0,188.2,177.6,188.2,173.2,1.17,Short,Curly,Medium,masculine,Square,buzz-cut,4.7
img_00931,212.1,193.0,170.0,193.0,169.0,1.1,Short,Curly,Medium,no_preference,Round,long-waves,5.0
img_00932,263.7,199.6,163.8,199.6,159.7,1.32,Short,Curly,Medium,no_preference,Oval,curtain-bangs,4.2
img_00933,273.3,172.5,149.6,172.5,144.0,1.58,Long,Coily,Medium,unisex,Oblong,french-bob,4.8
img_00934,206.9,171.8,166.8,171.8,163.0,1.2,Short,Coily,Medium,no_preference,Square,textured-crop,4.9
img_00935,213.1,177.5,169.3,177.5,165.0,1.2,Long,Straight,Medium,masculine,Square,french-bob,4.7
img_00936,211.1,165.8,159.4,165.8,109.1,1.27,Short,Straight,Medium,no_preference,Heart,long-waves,4.9
img_00937,266.6,186.7,154.2,186.7,151.7,1.43,Long,Curly,Medium,feminine,Oblong,long-waves,4.5
img_00938,235.5,177.5,147.3,177.5,138.7,1.33,Long,Wavy,Medium,no_preference,Oval,textured-crop,4.3
img_00939,195.5,191.2,174.4,191.2,161.6,1.02,Long,Straight,Medium,masculine,Round,buzz-cut,4.7
img_00940,273.5,188.9,163.9,188.9,155.4,1.45,Long,Straight,Medium,masculine,Oblong,textured-crop,4.3
img_00941,221.4,161.3,140.3,161.3,123.3,1.37,Short,Straight,Medium,no_preference,Oval,wolf-cut,4.3
img_00942,229.7,199.5,194.7,199.5,189.8,1.15,Short,Straight,Medium,masculine,Square,curtain-bangs,4.2
img_00943,236.8,184.6,177.1,184.6,124.9,1.28,Long,Curly,Medium,masculine,Heart,buzz-cut,4.3
img_00944,251.1,182.8,151.4,182.8,144.9,1.37,Long,Curly,Medium,masculine,Oval,textured-crop,4.5
img_00945,278.0,187.6,154.2,187.6,159.4,1.48,Short,Wavy,Medium,unisex,Oblong,french-bob,4.7
img_00946,211.9,173.6,173.3,173.6,104.4,1.22,Short,Straight,Medium,masculine,Heart,french-bob,4.4
img_00947,186.4,162.9,141.0,162.9,142.3,1.14,Short,Straight,Medium,masculine,Round,curtain-bangs,4.6
img_00948,183.0,167.1,159.4,167.1,163.0,1.1,Medium,Coily,Medium,unisex,Square,curtain-bangs,4.7
img_00949,209.6,181.7,168.7,181.7,167.2,1.15,Medium,Wavy,Medium,no_preference,Square,french-bob,4.6
img_00950,186.3,168.3,144.0,168.3,142.8,1.11,Short,Coily,Medium,feminine,Round,curtain-bangs,4.5
img_00951,232.0,177.8,145.9,177.8,141.4,1.3,Short,Coily,Medium,masculine,Oval,buzz-cut,4.1
img_00952,233.8,180.8,183.8,180.8,125.8,1.29,Medium,Wavy,Medium,feminine,Heart,buzz-cut,4.0
img_00953,272.0,175.7,149.8,175.7,142.7,1.55,Medium,Curly,Medium,unisex,Oblong,textured-crop,4.6
img_00954,286.4,194.3,169.8,194.3,150.2,1.47,Medium,Curly,Medium,masculine,Oblong,french-bob,4.9
img_00955,302.6,197.3,162.4,197.3,160.6,1.53,Long,Coily,Medium,unisex,Oblong,french-bob,4.4
img_00956,245.4,161.0,135.8,161.0,124.3,1.52,Medium,Curly,Medium,unisex,Oblong,buzz-cut,4.2
img_00957,245.1,197.5,192.2,197.5,123.7,1.24,Long,Coily,Medium,masculine,Heart,textured-crop,4.7
img_00958,236.4,175.2,170.8,175.2,114.0,1.35,Long,Curly,Medium,feminine,Heart,textured-crop,4.4
img_00959,187.2,164.1,153.3,164.1,156.1,1.14,Medium,Straight,Medium,unisex,Square,wolf-cut,4.1
img_00960,188.1,175.2,157.9,175.2,146.5,1.07,Medium,Coily,Medium,unisex,Round,curtain-bangs,4.3
img_00961,235.5,175.7,145.4,175.7,138.6,1.34,Medium,Wavy,Medium,masculine,Oval,textured-crop,4.2
img_00962,239.8,178.8,149.2,178.8,140.2,1.34,Long,Wavy,Medium,no_preference,Oval,wolf-cut,4.6
img_00963,211.1,194.7,189.7,194.7,180.5,1.08,Medium,Straight,Medium,unisex,Square,buzz-cut,4.3
img_00964,191.9,165.4,156.2,165.4,158.7,1.16,Long,Curly,Medium,unisex,Square,long-waves,4.3
img_00965,176.7,160.4,139.9,160.4,140.8,1.1,Medium,Wavy,Medium,feminine,Round,buzz-cut,4.4
img_00966,198.2,193.6,177.3,193.6,168.7,1.02,Medium,Curly,Medium,feminine,Round,wolf-cut,4.7
img_00967,214.7,169.0,167.6,169.0,114.0,1.27,Medium,Straight,Medium,no_preference,Heart,buzz-cut,4.6
img_00968,281.2,192.9,160.4,192.9,150.8,1.46,Medium,Coily,Medium,masculine,Oblong,textured-crop,4.3
img_00969,204.1,177.7,172.5,177.7,171.0,1.15,Short,Coily,Medium,unisex,Square,wolf-cut,4.9
img_00970,194.0,173.0,156.2,173.0,145.0,1.12,Short,Curly,Medium,masculine,Round,textured-crop,4.8
img_00971,239.8,179.7,178.1,179.7,117.5,1.33,Short,Curly,Medium,masculine,Heart,textured-crop,4.2
img_00972,267.7,177.9,151.5,177.9,135.3,1.51,Long,Coily,Medium,unisex,Oblong,french-bob,4.1
img_00973,201.7,172.6,159.9,172.6,165.3,1.17,Short,Coily,Medium,feminine,Square,buzz-cut,4.8
img_00974,284.1,199.1,166.4,199.1,151.6,1.43,Short,Straight,Medium,masculine,Oblong,french-bob,4.9
img_00975,194.7,185.9,159.9,185.9,162.2,1.05,Short,Wavy,Medium,no_preference,Round,french-bob,4.8
img_00976,207.6,171.2,158.1,171.2,163.7,1.21,Medium,Curly,Medium,feminine,Square,long-waves,4.9
img_00977,194.3,161.5,151.7,161.5,149.9,1.2,Short,Coily,Medium,masculine,Square,wolf-cut,4.7
img_00978,279.6,176.8,155.4,176.8,143.9,1.58,Medium,Curly,Medium,unisex,Oblong,long-waves,4.5
img_00979,260.1,174.1,139.5,174.1,135.3,1.49,Medium,Curly,Medium,masculine,Oblong,wolf-cut,4.8
img_00980,192.7,168.8,163.2,168.8,163.2,1.14,Long,Straight,Medium,feminine,Square,wolf-cut,4.1
img_00981,252.5,171.0,138.4,171.0,132.9,1.48,Long,Coily,Medium,unisex,Oblong,textured-crop,4.7
img_00982,258.4,188.8,155.9,188.8,150.2,1.37,Short,Curly,Medium,no_preference,Oval,buzz-cut,4.8
img_00983,252.3,163.7,131.7,163.7,133.8,1.54,Short,Straight,Medium,no_preference,Oblong,curtain-bangs,4.5
img_00984,202.8,192.1,173.0,192.1,156.9,1.06,Long,Curly,Medium,no_preference,Round,buzz-cut,4.6
img_00985,226.8,169.2,147.1,169.2,127.5,1.34,Long,Wavy,Medium,unisex,Oval,buzz-cut,4.6
img_00986,217.4,191.8,174.4,191.8,165.3,1.13,Long,Wavy,Medium,feminine,Round,curtain-bangs,5.0
img_00987,248.6,178.3,155.7,178.3,133.0,1.39,Short,Wavy,Medium,masculine,Oval,curtain-bangs,4.5
img_00988,204.7,165.5,160.2,165.5,115.2,1.24,Long,Straight,Medium,no_preference,Heart,textured-crop,4.4
img_00989,234.5,185.7,192.4,185.7,113.7,1.26,Medium,Curly,Medium,unisex,Heart,wolf-cut,5.0
img_00990,212.3,160.4,139.4,160.4,120.7,1.32,Long,Wavy,Medium,unisex,Oval,long-waves,4.7
img_00991,211.5,187.4,162.6,187.4,159.1,1.13,Long,Wavy,Medium,unisex,Round,long-waves,4.5
img_00992,183.9,165.7,153.5,165.7,159.2,1.11,Long,Straight,Medium,unisex,Square,french-bob,4.1
img_00993,215.1,169.6,165.0,169.6,111.3,1.27,Medium,Curly,Medium,no_preference,Heart,wolf-cut,4.9
img_00994,180.6,167.6,149.4,167.6,145.1,1.08,Medium,Coily,Medium,feminine,Round,textured-crop,4.0
img_00995,264.2,196.4,195.0,196.4,121.7,1.35,Medium,Straight,Medium,feminine,Heart,french-bob,4.1
img_00996,184.4,160.7,151.1,160.7,155.0,1.15,Short,Coily,Medium,unisex,Square,french-bob,4.5
img_00997,221.2,199.6,183.4,199.6,160.1,1.11,Long,Coily,Medium,feminine,Round,wolf-cut,4.3
img_00998,257.7,194.7,168.7,194.7,151.2,1.32,Short,Wavy,Medium,masculine,Oval,buzz-cut,4.7
img_00999,264.0,172.4,147.5,172.4,136.3,1.53,Medium,Straight,Medium,feminine,Oblong,wolf-cut,4.6